"Date","Source","Site ID","POC","Daily Mean PM2.5 Concentration","UNITS","DAILY_AQI_VALUE","Site Name","DAILY_OBS_COUNT","PERCENT_COMPLETE","AQS_PARAMETER_CODE","AQS_PARAMETER_DESC","CBSA_CODE","CBSA_NAME","STATE_CODE","STATE","COUNTY_CODE","COUNTY","SITE_LATITUDE","SITE_LONGITUDE"
"01/01/2013","AQS","360610128","1","13.5","ug/m3 LC","54","PS 19","1","100.0000","88101","PM2.5 - Local Conditions","35620","New York-Newark-Jersey City, NY-NJ-PA","36","New York","061","New York","40.73","-73.984"
"01/04/2013","AQS","360610128","1","20.8","ug/m3 LC","69","PS 19","1","100.0000","88101","PM2.5 - Local Conditions","35620","New York-Newark-Jersey City, NY-NJ-PA","36","New York","061","New York","40.73","-73.984"
"01/07/2013","AQS","360610128","1","15.4","ug/m3 LC","58","PS 19","1","100.0000","88101","PM2.5 - Local Conditions","35620","New York-Newark-Jersey City, NY-NJ-PA","36","New York","061","New York","40.73","-73.984"
"01/10/2013","AQS","360610128","1","8.4","ug/m3 LC","35","PS 19","1","100.0000","88101","PM2.5 - Local Conditions","35620","New York-Newark-Jersey City, NY-NJ-PA","36","New York","061","New York","40.73","-73.984"
"01/13/2013","AQS","360610128","1","19.6","ug/m3 LC","67","PS 19","1","100.0000","88101","PM2.5 - Local Conditions","35620","New York-Newark-Jersey City, NY-NJ-PA","36","New York","061","New York","40.73","-73.984"
"01/16/2013","AQS","360610128","1","20.2","ug/m3 LC","68","PS 19","1","100.0000","88101","PM2.5 - Local Conditions","35620","New York-Newark-Jersey City, NY-NJ-PA","36","New York","061","New York","40.73","-73.984"
"01/19/2013","AQS","360610128","1","9.5","ug/m3 LC","40","PS 19","1","100.0000","88101","PM2.5 - Local Conditions","35620","New York-Newark-Jersey City, NY-NJ-PA","36","New York","061","New York","40.73","-73.984"
"01/22/2013","AQS","360610128","1","10.9","ug/m3 LC","45","PS 19","1","100.0000","88101","PM2.5 - Local Conditions","35620","New York-Newark-Jersey City, NY-NJ-PA","36","New York","061","New York","40.73","-73.984"
"01/25/2013","AQS","360610128","1","18.5","ug/m3 LC","64","PS 19","1","100.0000","88101","PM2.5 - Local Conditions","35620","New York-Newark-Jersey City, NY-NJ-PA","36","New York","061","New York","40.73","-73.984"
"01/28/2013","AQS","360610128","1","28.4","ug/m3 LC","85","PS 19","1","100.0000","88101","PM2.5 - Local Conditions","35620","New York-Newark-Jersey City, NY-NJ-PA","36","New York","061","New York","40.73","-73.984"
"01/31/2013","AQS","360610128","1","6.6","ug/m3 LC","28","PS 19","1","100.0000","88101","PM2.5 - Local Conditions","35620","New York-Newark-Jersey City, NY-NJ-PA","36","New York","061","New York","40.73","-73.984"
"02/03/2013","AQS","360610128","1","23.1","ug/m3 LC","74","PS 19","1","100.0000","88101","PM2.5 - Local Conditions","35620","New York-Newark-Jersey City, NY-NJ-PA","36","New York","061","New York","40.73","-73.984"
"02/06/2013","AQS","360610128","1","21.7","ug/m3 LC","71","PS 19","1","100.0000","88101","PM2.5 - Local Conditions","35620","New York-Newark-Jersey City, NY-NJ-PA","36","New York","061","New York","40.73","-73.984"
"02/09/2013","AQS","360610128","1","7.2","ug/m3 LC","30","PS 19","1","100.0000","88101","PM2.5 - Local Conditions","35620","New York-Newark-Jersey City, NY-NJ-PA","36","New York","061","New York","40.73","-73.984"
"02/12/2013","AQS","360610128","1","13.2","ug/m3 LC","53","PS 19","1","100.0000","88101","PM2.5 - Local Conditions","35620","New York-Newark-Jersey City, NY-NJ-PA","36","New York","061","New York","40.73","-73.984"
"02/15/2013","AQS","360610128","1","26.3","ug/m3 LC","81","PS 19","1","100.0000","88101","PM2.5 - Local Conditions","35620","New York-Newark-Jersey City, NY-NJ-PA","36","New York","061","New York","40.73","-73.984"
"02/18/2013","AQS","360610128","1","8.5","ug/m3 LC","35","PS 19","1","100.0000","88101","PM2.5 - Local Conditions","35620","New York-Newark-Jersey City, NY-NJ-PA","36","New York","061","New York","40.73","-73.984"
"02/21/2013","AQS","360610128","1","8.3","ug/m3 LC","35","PS 19","1","100.0000","88101","PM2.5 - Local Conditions","35620","New York-Newark-Jersey City, NY-NJ-PA","36","New York","061","New York","40.73","-73.984"
"02/24/2013","AQS","360610128","1","11.5","ug/m3 LC","48","PS 19","1","100.0000","88101","PM2.5 - Local Conditions","35620","New York-Newark-Jersey City, NY-NJ-PA","36","New York","061","New York","40.73","-73.984"
"02/27/2013","AQS","360610128","1","18.9","ug/m3 LC","65","PS 19","1","100.0000","88101","PM2.5 - Local Conditions","35620","New York-Newark-Jersey City, NY-NJ-PA","36","New York","061","New York","40.73","-73.984"
"03/02/2013","AQS","360610128","1","7.8","ug/m3 LC","33","PS 19","1","100.0000","88101","PM2.5 - Local Conditions","35620","New York-Newark-Jersey City, NY-NJ-PA","36","New York","061","New York","40.73","-73.984"
"03/05/2013","AQS","360610128","1","8","ug/m3 LC","33","PS 19","1","100.0000","88101","PM2.5 - Local Conditions","35620","New York-Newark-Jersey City, NY-NJ-PA","36","New York","061","New York","40.73","-73.984"
"03/08/2013","AQS","360610128","1","8.5","ug/m3 LC","35","PS 19","1","100.0000","88101","PM2.5 - Local Conditions","35620","New York-Newark-Jersey City, NY-NJ-PA","36","New York","061","New York","40.73","-73.984"
"03/11/2013","AQS","360610128","1","7","ug/m3 LC","29","PS 19","1","100.0000","88101","PM2.5 - Local Conditions","35620","New York-Newark-Jersey City, NY-NJ-PA","36","New York","061","New York","40.73","-73.984"
"03/14/2013","AQS","360610128","1","6","ug/m3 LC","25","PS 19","1","100.0000","88101","PM2.5 - Local Conditions","35620","New York-Newark-Jersey City, NY-NJ-PA","36","New York","061","New York","40.73","-73.984"
"03/17/2013","AQS","360610128","1","8.1","ug/m3 LC","34","PS 19","1","100.0000","88101","PM2.5 - Local Conditions","35620","New York-Newark-Jersey City, NY-NJ-PA","36","New York","061","New York","40.73","-73.984"
"03/20/2013","AQS","360610128","1","10.5","ug/m3 LC","44","PS 19","1","100.0000","88101","PM2.5 - Local Conditions","35620","New York-Newark-Jersey City, NY-NJ-PA","36","New York","061","New York","40.73","-73.984"
"03/23/2013","AQS","360610128","1","5.8","ug/m3 LC","24","PS 19","1","100.0000","88101","PM2.5 - Local Conditions","35620","New York-Newark-Jersey City, NY-NJ-PA","36","New York","061","New York","40.73","-73.984"
"03/26/2013","AQS","360610128","1","6.3","ug/m3 LC","26","PS 19","1","100.0000","88101","PM2.5 - Local Conditions","35620","New York-Newark-Jersey City, NY-NJ-PA","36","New York","061","New York","40.73","-73.984"
"03/29/2013","AQS","360610128","1","6","ug/m3 LC","25","PS 19","1","100.0000","88101","PM2.5 - Local Conditions","35620","New York-Newark-Jersey City, NY-NJ-PA","36","New York","061","New York","40.73","-73.984"
"04/01/2013","AQS","360610128","1","11.7","ug/m3 LC","49","PS 19","1","100.0000","88101","PM2.5 - Local Conditions","35620","New York-Newark-Jersey City, NY-NJ-PA","36","New York","061","New York","40.73","-73.984"
"04/04/2013","AQS","360610128","1","8.8","ug/m3 LC","37","PS 19","1","100.0000","88101","PM2.5 - Local Conditions","35620","New York-Newark-Jersey City, NY-NJ-PA","36","New York","061","New York","40.73","-73.984"
"04/07/2013","AQS","360610128","1","6.2","ug/m3 LC","26","PS 19","1","100.0000","88101","PM2.5 - Local Conditions","35620","New York-Newark-Jersey City, NY-NJ-PA","36","New York","061","New York","40.73","-73.984"
"04/10/2013","AQS","360610128","1","14.8","ug/m3 LC","57","PS 19","1","100.0000","88101","PM2.5 - Local Conditions","35620","New York-Newark-Jersey City, NY-NJ-PA","36","New York","061","New York","40.73","-73.984"
"04/13/2013","AQS","360610128","1","8","ug/m3 LC","33","PS 19","1","100.0000","88101","PM2.5 - Local Conditions","35620","New York-Newark-Jersey City, NY-NJ-PA","36","New York","061","New York","40.73","-73.984"
"04/16/2013","AQS","360610128","1","11.5","ug/m3 LC","48","PS 19","1","100.0000","88101","PM2.5 - Local Conditions","35620","New York-Newark-Jersey City, NY-NJ-PA","36","New York","061","New York","40.73","-73.984"
"04/19/2013","AQS","360610128","1","7.1","ug/m3 LC","30","PS 19","1","100.0000","88101","PM2.5 - Local Conditions","35620","New York-Newark-Jersey City, NY-NJ-PA","36","New York","061","New York","40.73","-73.984"
"04/22/2013","AQS","360610128","1","10.7","ug/m3 LC","45","PS 19","1","100.0000","88101","PM2.5 - Local Conditions","35620","New York-Newark-Jersey City, NY-NJ-PA","36","New York","061","New York","40.73","-73.984"
"04/25/2013","AQS","360610128","1","6.4","ug/m3 LC","27","PS 19","1","100.0000","88101","PM2.5 - Local Conditions","35620","New York-Newark-Jersey City, NY-NJ-PA","36","New York","061","New York","40.73","-73.984"
"04/28/2013","AQS","360610128","1","9.7","ug/m3 LC","40","PS 19","1","100.0000","88101","PM2.5 - Local Conditions","35620","New York-Newark-Jersey City, NY-NJ-PA","36","New York","061","New York","40.73","-73.984"
"05/01/2013","AQS","360610128","1","5.9","ug/m3 LC","25","PS 19","1","100.0000","88101","PM2.5 - Local Conditions","35620","New York-Newark-Jersey City, NY-NJ-PA","36","New York","061","New York","40.73","-73.984"
"05/04/2013","AQS","360610128","1","7.9","ug/m3 LC","33","PS 19","1","100.0000","88101","PM2.5 - Local Conditions","35620","New York-Newark-Jersey City, NY-NJ-PA","36","New York","061","New York","40.73","-73.984"
"05/07/2013","AQS","360610128","1","6.2","ug/m3 LC","26","PS 19","1","100.0000","88101","PM2.5 - Local Conditions","35620","New York-Newark-Jersey City, NY-NJ-PA","36","New York","061","New York","40.73","-73.984"
"05/10/2013","AQS","360610128","1","12","ug/m3 LC","50","PS 19","1","100.0000","88101","PM2.5 - Local Conditions","35620","New York-Newark-Jersey City, NY-NJ-PA","36","New York","061","New York","40.73","-73.984"
"05/13/2013","AQS","360610128","1","5.2","ug/m3 LC","22","PS 19","1","100.0000","88101","PM2.5 - Local Conditions","35620","New York-Newark-Jersey City, NY-NJ-PA","36","New York","061","New York","40.73","-73.984"
"05/16/2013","AQS","360610128","1","13.8","ug/m3 LC","55","PS 19","1","100.0000","88101","PM2.5 - Local Conditions","35620","New York-Newark-Jersey City, NY-NJ-PA","36","New York","061","New York","40.73","-73.984"
"05/19/2013","AQS","360610128","1","4.7","ug/m3 LC","20","PS 19","1","100.0000","88101","PM2.5 - Local Conditions","35620","New York-Newark-Jersey City, NY-NJ-PA","36","New York","061","New York","40.73","-73.984"
"05/22/2013","AQS","360610128","1","18","ug/m3 LC","63","PS 19","1","100.0000","88101","PM2.5 - Local Conditions","35620","New York-Newark-Jersey City, NY-NJ-PA","36","New York","061","New York","40.73","-73.984"
"05/25/2013","AQS","360610128","1","2.7","ug/m3 LC","11","PS 19","1","100.0000","88101","PM2.5 - Local Conditions","35620","New York-Newark-Jersey City, NY-NJ-PA","36","New York","061","New York","40.73","-73.984"
"05/28/2013","AQS","360610128","1","13.1","ug/m3 LC","53","PS 19","1","100.0000","88101","PM2.5 - Local Conditions","35620","New York-Newark-Jersey City, NY-NJ-PA","36","New York","061","New York","40.73","-73.984"
"05/31/2013","AQS","360610128","1","19","ug/m3 LC","66","PS 19","1","100.0000","88101","PM2.5 - Local Conditions","35620","New York-Newark-Jersey City, NY-NJ-PA","36","New York","061","New York","40.73","-73.984"
"06/03/2013","AQS","360610128","1","8.5","ug/m3 LC","35","PS 19","1","100.0000","88101","PM2.5 - Local Conditions","35620","New York-Newark-Jersey City, NY-NJ-PA","36","New York","061","New York","40.73","-73.984"
"06/06/2013","AQS","360610128","1","7.3","ug/m3 LC","30","PS 19","1","100.0000","88101","PM2.5 - Local Conditions","35620","New York-Newark-Jersey City, NY-NJ-PA","36","New York","061","New York","40.73","-73.984"
"06/09/2013","AQS","360610128","1","11.5","ug/m3 LC","48","PS 19","1","100.0000","88101","PM2.5 - Local Conditions","35620","New York-Newark-Jersey City, NY-NJ-PA","36","New York","061","New York","40.73","-73.984"
"06/12/2013","AQS","360610128","1","4","ug/m3 LC","17","PS 19","1","100.0000","88101","PM2.5 - Local Conditions","35620","New York-Newark-Jersey City, NY-NJ-PA","36","New York","061","New York","40.73","-73.984"
"06/15/2013","AQS","360610128","1","12.3","ug/m3 LC","51","PS 19","1","100.0000","88101","PM2.5 - Local Conditions","35620","New York-Newark-Jersey City, NY-NJ-PA","36","New York","061","New York","40.73","-73.984"
"06/18/2013","AQS","360610128","1","14.6","ug/m3 LC","56","PS 19","1","100.0000","88101","PM2.5 - Local Conditions","35620","New York-Newark-Jersey City, NY-NJ-PA","36","New York","061","New York","40.73","-73.984"
"06/21/2013","AQS","360610128","1","10.3","ug/m3 LC","43","PS 19","1","100.0000","88101","PM2.5 - Local Conditions","35620","New York-Newark-Jersey City, NY-NJ-PA","36","New York","061","New York","40.73","-73.984"
"06/24/2013","AQS","360610128","1","14.3","ug/m3 LC","56","PS 19","1","100.0000","88101","PM2.5 - Local Conditions","35620","New York-Newark-Jersey City, NY-NJ-PA","36","New York","061","New York","40.73","-73.984"
"06/27/2013","AQS","360610128","1","15.5","ug/m3 LC","58","PS 19","1","100.0000","88101","PM2.5 - Local Conditions","35620","New York-Newark-Jersey City, NY-NJ-PA","36","New York","061","New York","40.73","-73.984"
"06/30/2013","AQS","360610128","1","12.3","ug/m3 LC","51","PS 19","1","100.0000","88101","PM2.5 - Local Conditions","35620","New York-Newark-Jersey City, NY-NJ-PA","36","New York","061","New York","40.73","-73.984"
"07/03/2013","AQS","360610128","1","8.6","ug/m3 LC","36","PS 19","1","100.0000","88101","PM2.5 - Local Conditions","35620","New York-Newark-Jersey City, NY-NJ-PA","36","New York","061","New York","40.73","-73.984"
"07/06/2013","AQS","360610128","1","11.3","ug/m3 LC","47","PS 19","1","100.0000","88101","PM2.5 - Local Conditions","35620","New York-Newark-Jersey City, NY-NJ-PA","36","New York","061","New York","40.73","-73.984"
"07/09/2013","AQS","360610128","1","18.7","ug/m3 LC","65","PS 19","1","100.0000","88101","PM2.5 - Local Conditions","35620","New York-Newark-Jersey City, NY-NJ-PA","36","New York","061","New York","40.73","-73.984"
"07/12/2013","AQS","360610128","1","11.4","ug/m3 LC","48","PS 19","1","100.0000","88101","PM2.5 - Local Conditions","35620","New York-Newark-Jersey City, NY-NJ-PA","36","New York","061","New York","40.73","-73.984"
"07/15/2013","AQS","360610128","1","12.3","ug/m3 LC","51","PS 19","1","100.0000","88101","PM2.5 - Local Conditions","35620","New York-Newark-Jersey City, NY-NJ-PA","36","New York","061","New York","40.73","-73.984"
"07/18/2013","AQS","360610128","1","16.5","ug/m3 LC","60","PS 19","1","100.0000","88101","PM2.5 - Local Conditions","35620","New York-Newark-Jersey City, NY-NJ-PA","36","New York","061","New York","40.73","-73.984"
"07/21/2013","AQS","360610128","1","10.2","ug/m3 LC","43","PS 19","1","100.0000","88101","PM2.5 - Local Conditions","35620","New York-Newark-Jersey City, NY-NJ-PA","36","New York","061","New York","40.73","-73.984"
"07/24/2013","AQS","360610128","1","7.5","ug/m3 LC","31","PS 19","1","100.0000","88101","PM2.5 - Local Conditions","35620","New York-Newark-Jersey City, NY-NJ-PA","36","New York","061","New York","40.73","-73.984"
"07/27/2013","AQS","360610128","1","11.3","ug/m3 LC","47","PS 19","1","100.0000","88101","PM2.5 - Local Conditions","35620","New York-Newark-Jersey City, NY-NJ-PA","36","New York","061","New York","40.73","-73.984"
"07/30/2013","AQS","360610128","1","8.9","ug/m3 LC","37","PS 19","1","100.0000","88101","PM2.5 - Local Conditions","35620","New York-Newark-Jersey City, NY-NJ-PA","36","New York","061","New York","40.73","-73.984"
"08/02/2013","AQS","360610128","1","10.3","ug/m3 LC","43","PS 19","1","100.0000","88101","PM2.5 - Local Conditions","35620","New York-Newark-Jersey City, NY-NJ-PA","36","New York","061","New York","40.73","-73.984"
"08/05/2013","AQS","360610128","1","5.6","ug/m3 LC","23","PS 19","1","100.0000","88101","PM2.5 - Local Conditions","35620","New York-Newark-Jersey City, NY-NJ-PA","36","New York","061","New York","40.73","-73.984"
"08/08/2013","AQS","360610128","1","10.7","ug/m3 LC","45","PS 19","1","100.0000","88101","PM2.5 - Local Conditions","35620","New York-Newark-Jersey City, NY-NJ-PA","36","New York","061","New York","40.73","-73.984"
"08/11/2013","AQS","360610128","1","6.7","ug/m3 LC","28","PS 19","1","100.0000","88101","PM2.5 - Local Conditions","35620","New York-Newark-Jersey City, NY-NJ-PA","36","New York","061","New York","40.73","-73.984"
"08/14/2013","AQS","360610128","1","6.5","ug/m3 LC","27","PS 19","1","100.0000","88101","PM2.5 - Local Conditions","35620","New York-Newark-Jersey City, NY-NJ-PA","36","New York","061","New York","40.73","-73.984"
"08/17/2013","AQS","360610128","1","11.7","ug/m3 LC","49","PS 19","1","100.0000","88101","PM2.5 - Local Conditions","35620","New York-Newark-Jersey City, NY-NJ-PA","36","New York","061","New York","40.73","-73.984"
"08/20/2013","AQS","360610128","1","17.2","ug/m3 LC","62","PS 19","1","100.0000","88101","PM2.5 - Local Conditions","35620","New York-Newark-Jersey City, NY-NJ-PA","36","New York","061","New York","40.73","-73.984"
"08/23/2013","AQS","360610128","1","11.4","ug/m3 LC","48","PS 19","1","100.0000","88101","PM2.5 - Local Conditions","35620","New York-Newark-Jersey City, NY-NJ-PA","36","New York","061","New York","40.73","-73.984"
"08/26/2013","AQS","360610128","1","13.3","ug/m3 LC","54","PS 19","1","100.0000","88101","PM2.5 - Local Conditions","35620","New York-Newark-Jersey City, NY-NJ-PA","36","New York","061","New York","40.73","-73.984"
"08/29/2013","AQS","360610128","1","12","ug/m3 LC","50","PS 19","1","100.0000","88101","PM2.5 - Local Conditions","35620","New York-Newark-Jersey City, NY-NJ-PA","36","New York","061","New York","40.73","-73.984"
"09/01/2013","AQS","360610128","1","13.4","ug/m3 LC","54","PS 19","1","100.0000","88101","PM2.5 - Local Conditions","35620","New York-Newark-Jersey City, NY-NJ-PA","36","New York","061","New York","40.73","-73.984"
"09/04/2013","AQS","360610128","1","5.9","ug/m3 LC","25","PS 19","1","100.0000","88101","PM2.5 - Local Conditions","35620","New York-Newark-Jersey City, NY-NJ-PA","36","New York","061","New York","40.73","-73.984"
"09/07/2013","AQS","360610128","1","9.1","ug/m3 LC","38","PS 19","1","100.0000","88101","PM2.5 - Local Conditions","35620","New York-Newark-Jersey City, NY-NJ-PA","36","New York","061","New York","40.73","-73.984"
"09/10/2013","AQS","360610128","1","16.1","ug/m3 LC","59","PS 19","1","100.0000","88101","PM2.5 - Local Conditions","35620","New York-Newark-Jersey City, NY-NJ-PA","36","New York","061","New York","40.73","-73.984"
"09/13/2013","AQS","360610128","1","5.5","ug/m3 LC","23","PS 19","1","100.0000","88101","PM2.5 - Local Conditions","35620","New York-Newark-Jersey City, NY-NJ-PA","36","New York","061","New York","40.73","-73.984"
"09/16/2013","AQS","360610128","1","7.6","ug/m3 LC","32","PS 19","1","100.0000","88101","PM2.5 - Local Conditions","35620","New York-Newark-Jersey City, NY-NJ-PA","36","New York","061","New York","40.73","-73.984"
"09/19/2013","AQS","360610128","1","9.2","ug/m3 LC","38","PS 19","1","100.0000","88101","PM2.5 - Local Conditions","35620","New York-Newark-Jersey City, NY-NJ-PA","36","New York","061","New York","40.73","-73.984"
"09/22/2013","AQS","360610128","1","3.2","ug/m3 LC","13","PS 19","1","100.0000","88101","PM2.5 - Local Conditions","35620","New York-Newark-Jersey City, NY-NJ-PA","36","New York","061","New York","40.73","-73.984"
"09/25/2013","AQS","360610128","1","7.3","ug/m3 LC","30","PS 19","1","100.0000","88101","PM2.5 - Local Conditions","35620","New York-Newark-Jersey City, NY-NJ-PA","36","New York","061","New York","40.73","-73.984"
"09/28/2013","AQS","360610128","1","6","ug/m3 LC","25","PS 19","1","100.0000","88101","PM2.5 - Local Conditions","35620","New York-Newark-Jersey City, NY-NJ-PA","36","New York","061","New York","40.73","-73.984"
"10/01/2013","AQS","360610128","1","14.1","ug/m3 LC","55","PS 19","1","100.0000","88101","PM2.5 - Local Conditions","35620","New York-Newark-Jersey City, NY-NJ-PA","36","New York","061","New York","40.73","-73.984"
"10/04/2013","AQS","360610128","1","23.9","ug/m3 LC","76","PS 19","1","100.0000","88101","PM2.5 - Local Conditions","35620","New York-Newark-Jersey City, NY-NJ-PA","36","New York","061","New York","40.73","-73.984"
"10/07/2013","AQS","360610128","1","8","ug/m3 LC","33","PS 19","1","100.0000","88101","PM2.5 - Local Conditions","35620","New York-Newark-Jersey City, NY-NJ-PA","36","New York","061","New York","40.73","-73.984"
"10/10/2013","AQS","360610128","1","10.7","ug/m3 LC","45","PS 19","1","100.0000","88101","PM2.5 - Local Conditions","35620","New York-Newark-Jersey City, NY-NJ-PA","36","New York","061","New York","40.73","-73.984"
"11/03/2013","AQS","360610128","1","5.9","ug/m3 LC","25","PS 19","1","100.0000","88101","PM2.5 - Local Conditions","35620","New York-Newark-Jersey City, NY-NJ-PA","36","New York","061","New York","40.73","-73.984"
"11/06/2013","AQS","360610128","1","5.4","ug/m3 LC","23","PS 19","1","100.0000","88101","PM2.5 - Local Conditions","35620","New York-Newark-Jersey City, NY-NJ-PA","36","New York","061","New York","40.73","-73.984"
"11/15/2013","AQS","360610128","1","20.1","ug/m3 LC","68","PS 19","1","100.0000","88101","PM2.5 - Local Conditions","35620","New York-Newark-Jersey City, NY-NJ-PA","36","New York","061","New York","40.73","-73.984"
"11/18/2013","AQS","360610128","1","5.1","ug/m3 LC","21","PS 19","1","100.0000","88101","PM2.5 - Local Conditions","35620","New York-Newark-Jersey City, NY-NJ-PA","36","New York","061","New York","40.73","-73.984"
"11/21/2013","AQS","360610128","1","9.3","ug/m3 LC","39","PS 19","1","100.0000","88101","PM2.5 - Local Conditions","35620","New York-Newark-Jersey City, NY-NJ-PA","36","New York","061","New York","40.73","-73.984"
"11/24/2013","AQS","360610128","1","4.6","ug/m3 LC","19","PS 19","1","100.0000","88101","PM2.5 - Local Conditions","35620","New York-Newark-Jersey City, NY-NJ-PA","36","New York","061","New York","40.73","-73.984"
"11/27/2013","AQS","360610128","1","4.9","ug/m3 LC","20","PS 19","1","100.0000","88101","PM2.5 - Local Conditions","35620","New York-Newark-Jersey City, NY-NJ-PA","36","New York","061","New York","40.73","-73.984"
"11/30/2013","AQS","360610128","1","8.6","ug/m3 LC","36","PS 19","1","100.0000","88101","PM2.5 - Local Conditions","35620","New York-Newark-Jersey City, NY-NJ-PA","36","New York","061","New York","40.73","-73.984"
"12/03/2013","AQS","360610128","1","32.4","ug/m3 LC","94","PS 19","1","100.0000","88101","PM2.5 - Local Conditions","35620","New York-Newark-Jersey City, NY-NJ-PA","36","New York","061","New York","40.73","-73.984"
"12/06/2013","AQS","360610128","1","9.1","ug/m3 LC","38","PS 19","1","100.0000","88101","PM2.5 - Local Conditions","35620","New York-Newark-Jersey City, NY-NJ-PA","36","New York","061","New York","40.73","-73.984"
"12/09/2013","AQS","360610128","1","18.2","ug/m3 LC","64","PS 19","1","100.0000","88101","PM2.5 - Local Conditions","35620","New York-Newark-Jersey City, NY-NJ-PA","36","New York","061","New York","40.73","-73.984"
"12/12/2013","AQS","360610128","1","9.3","ug/m3 LC","39","PS 19","1","100.0000","88101","PM2.5 - Local Conditions","35620","New York-Newark-Jersey City, NY-NJ-PA","36","New York","061","New York","40.73","-73.984"
"12/15/2013","AQS","360610128","1","11","ug/m3 LC","46","PS 19","1","100.0000","88101","PM2.5 - Local Conditions","35620","New York-Newark-Jersey City, NY-NJ-PA","36","New York","061","New York","40.73","-73.984"
"12/18/2013","AQS","360610128","1","18.7","ug/m3 LC","65","PS 19","1","100.0000","88101","PM2.5 - Local Conditions","35620","New York-Newark-Jersey City, NY-NJ-PA","36","New York","061","New York","40.73","-73.984"
"12/21/2013","AQS","360610128","1","15.9","ug/m3 LC","59","PS 19","1","100.0000","88101","PM2.5 - Local Conditions","35620","New York-Newark-Jersey City, NY-NJ-PA","36","New York","061","New York","40.73","-73.984"
"12/24/2013","AQS","360610128","1","6.1","ug/m3 LC","25","PS 19","1","100.0000","88101","PM2.5 - Local Conditions","35620","New York-Newark-Jersey City, NY-NJ-PA","36","New York","061","New York","40.73","-73.984"
"12/27/2013","AQS","360610128","1","15.2","ug/m3 LC","58","PS 19","1","100.0000","88101","PM2.5 - Local Conditions","35620","New York-Newark-Jersey City, NY-NJ-PA","36","New York","061","New York","40.73","-73.984"
"12/30/2013","AQS","360610128","1","8.1","ug/m3 LC","34","PS 19","1","100.0000","88101","PM2.5 - Local Conditions","35620","New York-Newark-Jersey City, NY-NJ-PA","36","New York","061","New York","40.73","-73.984"
"01/01/2013","AQS","360610128","3","18.6","ug/m3 LC","65","PS 19","1","100.0000","88502","Acceptable PM2.5 AQI & Speciation Mass","35620","New York-Newark-Jersey City, NY-NJ-PA","36","New York","061","New York","40.73","-73.984"
"01/02/2013","AQS","360610128","3","14.9","ug/m3 LC","57","PS 19","1","100.0000","88502","Acceptable PM2.5 AQI & Speciation Mass","35620","New York-Newark-Jersey City, NY-NJ-PA","36","New York","061","New York","40.73","-73.984"
"01/03/2013","AQS","360610128","3","18.1","ug/m3 LC","64","PS 19","1","100.0000","88502","Acceptable PM2.5 AQI & Speciation Mass","35620","New York-Newark-Jersey City, NY-NJ-PA","36","New York","061","New York","40.73","-73.984"
"01/04/2013","AQS","360610128","3","20.8","ug/m3 LC","69","PS 19","1","100.0000","88502","Acceptable PM2.5 AQI & Speciation Mass","35620","New York-Newark-Jersey City, NY-NJ-PA","36","New York","061","New York","40.73","-73.984"
"01/05/2013","AQS","360610128","3","18.6","ug/m3 LC","65","PS 19","1","100.0000","88502","Acceptable PM2.5 AQI & Speciation Mass","35620","New York-Newark-Jersey City, NY-NJ-PA","36","New York","061","New York","40.73","-73.984"
"01/06/2013","AQS","360610128","3","22.1","ug/m3 LC","72","PS 19","1","100.0000","88502","Acceptable PM2.5 AQI & Speciation Mass","35620","New York-Newark-Jersey City, NY-NJ-PA","36","New York","061","New York","40.73","-73.984"
"01/07/2013","AQS","360610128","3","18.2","ug/m3 LC","64","PS 19","1","100.0000","88502","Acceptable PM2.5 AQI & Speciation Mass","35620","New York-Newark-Jersey City, NY-NJ-PA","36","New York","061","New York","40.73","-73.984"
"01/08/2013","AQS","360610128","3","23.2","ug/m3 LC","74","PS 19","1","100.0000","88502","Acceptable PM2.5 AQI & Speciation Mass","35620","New York-Newark-Jersey City, NY-NJ-PA","36","New York","061","New York","40.73","-73.984"
"01/09/2013","AQS","360610128","3","28.1","ug/m3 LC","85","PS 19","1","100.0000","88502","Acceptable PM2.5 AQI & Speciation Mass","35620","New York-Newark-Jersey City, NY-NJ-PA","36","New York","061","New York","40.73","-73.984"
"01/10/2013","AQS","360610128","3","12.6","ug/m3 LC","52","PS 19","1","100.0000","88502","Acceptable PM2.5 AQI & Speciation Mass","35620","New York-Newark-Jersey City, NY-NJ-PA","36","New York","061","New York","40.73","-73.984"
"01/11/2013","AQS","360610128","3","12.9","ug/m3 LC","53","PS 19","1","100.0000","88502","Acceptable PM2.5 AQI & Speciation Mass","35620","New York-Newark-Jersey City, NY-NJ-PA","36","New York","061","New York","40.73","-73.984"
"01/12/2013","AQS","360610128","3","19.1","ug/m3 LC","66","PS 19","1","100.0000","88502","Acceptable PM2.5 AQI & Speciation Mass","35620","New York-Newark-Jersey City, NY-NJ-PA","36","New York","061","New York","40.73","-73.984"
"01/13/2013","AQS","360610128","3","19.2","ug/m3 LC","66","PS 19","1","100.0000","88502","Acceptable PM2.5 AQI & Speciation Mass","35620","New York-Newark-Jersey City, NY-NJ-PA","36","New York","061","New York","40.73","-73.984"
"01/14/2013","AQS","360610128","3","16.7","ug/m3 LC","61","PS 19","1","100.0000","88502","Acceptable PM2.5 AQI & Speciation Mass","35620","New York-Newark-Jersey City, NY-NJ-PA","36","New York","061","New York","40.73","-73.984"
"01/15/2013","AQS","360610128","3","17.1","ug/m3 LC","62","PS 19","1","100.0000","88502","Acceptable PM2.5 AQI & Speciation Mass","35620","New York-Newark-Jersey City, NY-NJ-PA","36","New York","061","New York","40.73","-73.984"
"01/16/2013","AQS","360610128","3","19.4","ug/m3 LC","66","PS 19","1","100.0000","88502","Acceptable PM2.5 AQI & Speciation Mass","35620","New York-Newark-Jersey City, NY-NJ-PA","36","New York","061","New York","40.73","-73.984"
"01/17/2013","AQS","360610128","3","18.1","ug/m3 LC","64","PS 19","1","100.0000","88502","Acceptable PM2.5 AQI & Speciation Mass","35620","New York-Newark-Jersey City, NY-NJ-PA","36","New York","061","New York","40.73","-73.984"
"01/18/2013","AQS","360610128","3","13.1","ug/m3 LC","53","PS 19","1","100.0000","88502","Acceptable PM2.5 AQI & Speciation Mass","35620","New York-Newark-Jersey City, NY-NJ-PA","36","New York","061","New York","40.73","-73.984"
"01/19/2013","AQS","360610128","3","12","ug/m3 LC","50","PS 19","1","100.0000","88502","Acceptable PM2.5 AQI & Speciation Mass","35620","New York-Newark-Jersey City, NY-NJ-PA","36","New York","061","New York","40.73","-73.984"
"01/20/2013","AQS","360610128","3","14","ug/m3 LC","55","PS 19","1","100.0000","88502","Acceptable PM2.5 AQI & Speciation Mass","35620","New York-Newark-Jersey City, NY-NJ-PA","36","New York","061","New York","40.73","-73.984"
"01/21/2013","AQS","360610128","3","13.3","ug/m3 LC","54","PS 19","1","100.0000","88502","Acceptable PM2.5 AQI & Speciation Mass","35620","New York-Newark-Jersey City, NY-NJ-PA","36","New York","061","New York","40.73","-73.984"
"01/22/2013","AQS","360610128","3","14","ug/m3 LC","55","PS 19","1","100.0000","88502","Acceptable PM2.5 AQI & Speciation Mass","35620","New York-Newark-Jersey City, NY-NJ-PA","36","New York","061","New York","40.73","-73.984"
"01/23/2013","AQS","360610128","3","15.7","ug/m3 LC","59","PS 19","1","100.0000","88502","Acceptable PM2.5 AQI & Speciation Mass","35620","New York-Newark-Jersey City, NY-NJ-PA","36","New York","061","New York","40.73","-73.984"
"01/24/2013","AQS","360610128","3","16.3","ug/m3 LC","60","PS 19","1","100.0000","88502","Acceptable PM2.5 AQI & Speciation Mass","35620","New York-Newark-Jersey City, NY-NJ-PA","36","New York","061","New York","40.73","-73.984"
"01/25/2013","AQS","360610128","3","19.3","ug/m3 LC","66","PS 19","1","100.0000","88502","Acceptable PM2.5 AQI & Speciation Mass","35620","New York-Newark-Jersey City, NY-NJ-PA","36","New York","061","New York","40.73","-73.984"
"01/26/2013","AQS","360610128","3","20.5","ug/m3 LC","69","PS 19","1","100.0000","88502","Acceptable PM2.5 AQI & Speciation Mass","35620","New York-Newark-Jersey City, NY-NJ-PA","36","New York","061","New York","40.73","-73.984"
"01/27/2013","AQS","360610128","3","26.8","ug/m3 LC","82","PS 19","1","100.0000","88502","Acceptable PM2.5 AQI & Speciation Mass","35620","New York-Newark-Jersey City, NY-NJ-PA","36","New York","061","New York","40.73","-73.984"
"01/28/2013","AQS","360610128","3","23.7","ug/m3 LC","75","PS 19","1","100.0000","88502","Acceptable PM2.5 AQI & Speciation Mass","35620","New York-Newark-Jersey City, NY-NJ-PA","36","New York","061","New York","40.73","-73.984"
"01/29/2013","AQS","360610128","3","30.7","ug/m3 LC","90","PS 19","1","100.0000","88502","Acceptable PM2.5 AQI & Speciation Mass","35620","New York-Newark-Jersey City, NY-NJ-PA","36","New York","061","New York","40.73","-73.984"
"01/30/2013","AQS","360610128","3","19.9","ug/m3 LC","67","PS 19","1","100.0000","88502","Acceptable PM2.5 AQI & Speciation Mass","35620","New York-Newark-Jersey City, NY-NJ-PA","36","New York","061","New York","40.73","-73.984"
"01/31/2013","AQS","360610128","3","9.1","ug/m3 LC","38","PS 19","1","100.0000","88502","Acceptable PM2.5 AQI & Speciation Mass","35620","New York-Newark-Jersey City, NY-NJ-PA","36","New York","061","New York","40.73","-73.984"
"02/01/2013","AQS","360610128","3","13.1","ug/m3 LC","53","PS 19","1","100.0000","88502","Acceptable PM2.5 AQI & Speciation Mass","35620","New York-Newark-Jersey City, NY-NJ-PA","36","New York","061","New York","40.73","-73.984"
"02/02/2013","AQS","360610128","3","12.8","ug/m3 LC","52","PS 19","1","100.0000","88502","Acceptable PM2.5 AQI & Speciation Mass","35620","New York-Newark-Jersey City, NY-NJ-PA","36","New York","061","New York","40.73","-73.984"
"02/03/2013","AQS","360610128","3","16.7","ug/m3 LC","61","PS 19","1","100.0000","88502","Acceptable PM2.5 AQI & Speciation Mass","35620","New York-Newark-Jersey City, NY-NJ-PA","36","New York","061","New York","40.73","-73.984"
"02/04/2013","AQS","360610128","3","15","ug/m3 LC","57","PS 19","1","100.0000","88502","Acceptable PM2.5 AQI & Speciation Mass","35620","New York-Newark-Jersey City, NY-NJ-PA","36","New York","061","New York","40.73","-73.984"
"02/05/2013","AQS","360610128","3","19.8","ug/m3 LC","67","PS 19","1","100.0000","88502","Acceptable PM2.5 AQI & Speciation Mass","35620","New York-Newark-Jersey City, NY-NJ-PA","36","New York","061","New York","40.73","-73.984"
"02/06/2013","AQS","360610128","3","18.8","ug/m3 LC","65","PS 19","1","100.0000","88502","Acceptable PM2.5 AQI & Speciation Mass","35620","New York-Newark-Jersey City, NY-NJ-PA","36","New York","061","New York","40.73","-73.984"
"02/08/2013","AQS","360610128","3","12.7","ug/m3 LC","52","PS 19","1","100.0000","88502","Acceptable PM2.5 AQI & Speciation Mass","35620","New York-Newark-Jersey City, NY-NJ-PA","36","New York","061","New York","40.73","-73.984"
"02/09/2013","AQS","360610128","3","11.3","ug/m3 LC","47","PS 19","1","100.0000","88502","Acceptable PM2.5 AQI & Speciation Mass","35620","New York-Newark-Jersey City, NY-NJ-PA","36","New York","061","New York","40.73","-73.984"
"02/10/2013","AQS","360610128","3","12.9","ug/m3 LC","53","PS 19","1","100.0000","88502","Acceptable PM2.5 AQI & Speciation Mass","35620","New York-Newark-Jersey City, NY-NJ-PA","36","New York","061","New York","40.73","-73.984"
"02/11/2013","AQS","360610128","3","18.4","ug/m3 LC","64","PS 19","1","100.0000","88502","Acceptable PM2.5 AQI & Speciation Mass","35620","New York-Newark-Jersey City, NY-NJ-PA","36","New York","061","New York","40.73","-73.984"
"02/12/2013","AQS","360610128","3","16.7","ug/m3 LC","61","PS 19","1","100.0000","88502","Acceptable PM2.5 AQI & Speciation Mass","35620","New York-Newark-Jersey City, NY-NJ-PA","36","New York","061","New York","40.73","-73.984"
"02/13/2013","AQS","360610128","3","18.9","ug/m3 LC","65","PS 19","1","100.0000","88502","Acceptable PM2.5 AQI & Speciation Mass","35620","New York-Newark-Jersey City, NY-NJ-PA","36","New York","061","New York","40.73","-73.984"
"02/14/2013","AQS","360610128","3","18.2","ug/m3 LC","64","PS 19","1","100.0000","88502","Acceptable PM2.5 AQI & Speciation Mass","35620","New York-Newark-Jersey City, NY-NJ-PA","36","New York","061","New York","40.73","-73.984"
"02/15/2013","AQS","360610128","3","19.7","ug/m3 LC","67","PS 19","1","100.0000","88502","Acceptable PM2.5 AQI & Speciation Mass","35620","New York-Newark-Jersey City, NY-NJ-PA","36","New York","061","New York","40.73","-73.984"
"02/16/2013","AQS","360610128","3","9.6","ug/m3 LC","40","PS 19","1","100.0000","88502","Acceptable PM2.5 AQI & Speciation Mass","35620","New York-Newark-Jersey City, NY-NJ-PA","36","New York","061","New York","40.73","-73.984"
"02/17/2013","AQS","360610128","3","9.1","ug/m3 LC","38","PS 19","1","100.0000","88502","Acceptable PM2.5 AQI & Speciation Mass","35620","New York-Newark-Jersey City, NY-NJ-PA","36","New York","061","New York","40.73","-73.984"
"02/18/2013","AQS","360610128","3","10.8","ug/m3 LC","45","PS 19","1","100.0000","88502","Acceptable PM2.5 AQI & Speciation Mass","35620","New York-Newark-Jersey City, NY-NJ-PA","36","New York","061","New York","40.73","-73.984"
"02/19/2013","AQS","360610128","3","10.8","ug/m3 LC","45","PS 19","1","100.0000","88502","Acceptable PM2.5 AQI & Speciation Mass","35620","New York-Newark-Jersey City, NY-NJ-PA","36","New York","061","New York","40.73","-73.984"
"02/20/2013","AQS","360610128","3","12.1","ug/m3 LC","51","PS 19","1","100.0000","88502","Acceptable PM2.5 AQI & Speciation Mass","35620","New York-Newark-Jersey City, NY-NJ-PA","36","New York","061","New York","40.73","-73.984"
"02/21/2013","AQS","360610128","3","11.2","ug/m3 LC","47","PS 19","1","100.0000","88502","Acceptable PM2.5 AQI & Speciation Mass","35620","New York-Newark-Jersey City, NY-NJ-PA","36","New York","061","New York","40.73","-73.984"
"02/22/2013","AQS","360610128","3","15.1","ug/m3 LC","57","PS 19","1","100.0000","88502","Acceptable PM2.5 AQI & Speciation Mass","35620","New York-Newark-Jersey City, NY-NJ-PA","36","New York","061","New York","40.73","-73.984"
"02/23/2013","AQS","360610128","3","10.1","ug/m3 LC","42","PS 19","1","100.0000","88502","Acceptable PM2.5 AQI & Speciation Mass","35620","New York-Newark-Jersey City, NY-NJ-PA","36","New York","061","New York","40.73","-73.984"
"02/24/2013","AQS","360610128","3","12.2","ug/m3 LC","51","PS 19","1","100.0000","88502","Acceptable PM2.5 AQI & Speciation Mass","35620","New York-Newark-Jersey City, NY-NJ-PA","36","New York","061","New York","40.73","-73.984"
"02/25/2013","AQS","360610128","3","15.4","ug/m3 LC","58","PS 19","1","100.0000","88502","Acceptable PM2.5 AQI & Speciation Mass","35620","New York-Newark-Jersey City, NY-NJ-PA","36","New York","061","New York","40.73","-73.984"
"02/26/2013","AQS","360610128","3","13","ug/m3 LC","53","PS 19","1","100.0000","88502","Acceptable PM2.5 AQI & Speciation Mass","35620","New York-Newark-Jersey City, NY-NJ-PA","36","New York","061","New York","40.73","-73.984"
"02/27/2013","AQS","360610128","3","13.3","ug/m3 LC","54","PS 19","1","100.0000","88502","Acceptable PM2.5 AQI & Speciation Mass","35620","New York-Newark-Jersey City, NY-NJ-PA","36","New York","061","New York","40.73","-73.984"
"02/28/2013","AQS","360610128","3","12.4","ug/m3 LC","52","PS 19","1","100.0000","88502","Acceptable PM2.5 AQI & Speciation Mass","35620","New York-Newark-Jersey City, NY-NJ-PA","36","New York","061","New York","40.73","-73.984"
"03/01/2013","AQS","360610128","3","9.6","ug/m3 LC","40","PS 19","1","100.0000","88502","Acceptable PM2.5 AQI & Speciation Mass","35620","New York-Newark-Jersey City, NY-NJ-PA","36","New York","061","New York","40.73","-73.984"
"03/02/2013","AQS","360610128","3","7.9","ug/m3 LC","33","PS 19","1","100.0000","88502","Acceptable PM2.5 AQI & Speciation Mass","35620","New York-Newark-Jersey City, NY-NJ-PA","36","New York","061","New York","40.73","-73.984"
"03/03/2013","AQS","360610128","3","8.1","ug/m3 LC","34","PS 19","1","100.0000","88502","Acceptable PM2.5 AQI & Speciation Mass","35620","New York-Newark-Jersey City, NY-NJ-PA","36","New York","061","New York","40.73","-73.984"
"03/04/2013","AQS","360610128","3","10","ug/m3 LC","42","PS 19","1","100.0000","88502","Acceptable PM2.5 AQI & Speciation Mass","35620","New York-Newark-Jersey City, NY-NJ-PA","36","New York","061","New York","40.73","-73.984"
"03/05/2013","AQS","360610128","3","9","ug/m3 LC","38","PS 19","1","100.0000","88502","Acceptable PM2.5 AQI & Speciation Mass","35620","New York-Newark-Jersey City, NY-NJ-PA","36","New York","061","New York","40.73","-73.984"
"03/29/2013","AQS","360610128","3","6.5","ug/m3 LC","27","PS 19","1","100.0000","88502","Acceptable PM2.5 AQI & Speciation Mass","35620","New York-Newark-Jersey City, NY-NJ-PA","36","New York","061","New York","40.73","-73.984"
"03/30/2013","AQS","360610128","3","7.9","ug/m3 LC","33","PS 19","1","100.0000","88502","Acceptable PM2.5 AQI & Speciation Mass","35620","New York-Newark-Jersey City, NY-NJ-PA","36","New York","061","New York","40.73","-73.984"
"03/31/2013","AQS","360610128","3","11","ug/m3 LC","46","PS 19","1","100.0000","88502","Acceptable PM2.5 AQI & Speciation Mass","35620","New York-Newark-Jersey City, NY-NJ-PA","36","New York","061","New York","40.73","-73.984"
"04/01/2013","AQS","360610128","3","9.2","ug/m3 LC","38","PS 19","1","100.0000","88502","Acceptable PM2.5 AQI & Speciation Mass","35620","New York-Newark-Jersey City, NY-NJ-PA","36","New York","061","New York","40.73","-73.984"
"04/02/2013","AQS","360610128","3","6","ug/m3 LC","25","PS 19","1","100.0000","88502","Acceptable PM2.5 AQI & Speciation Mass","35620","New York-Newark-Jersey City, NY-NJ-PA","36","New York","061","New York","40.73","-73.984"
"04/03/2013","AQS","360610128","3","6.8","ug/m3 LC","28","PS 19","1","100.0000","88502","Acceptable PM2.5 AQI & Speciation Mass","35620","New York-Newark-Jersey City, NY-NJ-PA","36","New York","061","New York","40.73","-73.984"
"04/04/2013","AQS","360610128","3","7.1","ug/m3 LC","30","PS 19","1","100.0000","88502","Acceptable PM2.5 AQI & Speciation Mass","35620","New York-Newark-Jersey City, NY-NJ-PA","36","New York","061","New York","40.73","-73.984"
"04/05/2013","AQS","360610128","3","8.4","ug/m3 LC","35","PS 19","1","100.0000","88502","Acceptable PM2.5 AQI & Speciation Mass","35620","New York-Newark-Jersey City, NY-NJ-PA","36","New York","061","New York","40.73","-73.984"
"04/06/2013","AQS","360610128","3","6.2","ug/m3 LC","26","PS 19","1","100.0000","88502","Acceptable PM2.5 AQI & Speciation Mass","35620","New York-Newark-Jersey City, NY-NJ-PA","36","New York","061","New York","40.73","-73.984"
"04/07/2013","AQS","360610128","3","6.1","ug/m3 LC","25","PS 19","1","100.0000","88502","Acceptable PM2.5 AQI & Speciation Mass","35620","New York-Newark-Jersey City, NY-NJ-PA","36","New York","061","New York","40.73","-73.984"
"04/08/2013","AQS","360610128","3","13.4","ug/m3 LC","54","PS 19","1","100.0000","88502","Acceptable PM2.5 AQI & Speciation Mass","35620","New York-Newark-Jersey City, NY-NJ-PA","36","New York","061","New York","40.73","-73.984"
"04/11/2013","AQS","360610128","3","6.5","ug/m3 LC","27","PS 19","1","100.0000","88502","Acceptable PM2.5 AQI & Speciation Mass","35620","New York-Newark-Jersey City, NY-NJ-PA","36","New York","061","New York","40.73","-73.984"
"04/12/2013","AQS","360610128","3","7.2","ug/m3 LC","30","PS 19","1","100.0000","88502","Acceptable PM2.5 AQI & Speciation Mass","35620","New York-Newark-Jersey City, NY-NJ-PA","36","New York","061","New York","40.73","-73.984"
"04/13/2013","AQS","360610128","3","6.1","ug/m3 LC","25","PS 19","1","100.0000","88502","Acceptable PM2.5 AQI & Speciation Mass","35620","New York-Newark-Jersey City, NY-NJ-PA","36","New York","061","New York","40.73","-73.984"
"04/14/2013","AQS","360610128","3","7.5","ug/m3 LC","31","PS 19","1","100.0000","88502","Acceptable PM2.5 AQI & Speciation Mass","35620","New York-Newark-Jersey City, NY-NJ-PA","36","New York","061","New York","40.73","-73.984"
"04/15/2013","AQS","360610128","3","3.6","ug/m3 LC","15","PS 19","1","100.0000","88502","Acceptable PM2.5 AQI & Speciation Mass","35620","New York-Newark-Jersey City, NY-NJ-PA","36","New York","061","New York","40.73","-73.984"
"04/16/2013","AQS","360610128","3","5.5","ug/m3 LC","23","PS 19","1","100.0000","88502","Acceptable PM2.5 AQI & Speciation Mass","35620","New York-Newark-Jersey City, NY-NJ-PA","36","New York","061","New York","40.73","-73.984"
"05/03/2013","AQS","360610128","3","5.1","ug/m3 LC","21","PS 19","1","100.0000","88502","Acceptable PM2.5 AQI & Speciation Mass","35620","New York-Newark-Jersey City, NY-NJ-PA","36","New York","061","New York","40.73","-73.984"
"05/04/2013","AQS","360610128","3","7.6","ug/m3 LC","32","PS 19","1","100.0000","88502","Acceptable PM2.5 AQI & Speciation Mass","35620","New York-Newark-Jersey City, NY-NJ-PA","36","New York","061","New York","40.73","-73.984"
"05/05/2013","AQS","360610128","3","7.9","ug/m3 LC","33","PS 19","1","100.0000","88502","Acceptable PM2.5 AQI & Speciation Mass","35620","New York-Newark-Jersey City, NY-NJ-PA","36","New York","061","New York","40.73","-73.984"
"05/06/2013","AQS","360610128","3","7.9","ug/m3 LC","33","PS 19","1","100.0000","88502","Acceptable PM2.5 AQI & Speciation Mass","35620","New York-Newark-Jersey City, NY-NJ-PA","36","New York","061","New York","40.73","-73.984"
"05/07/2013","AQS","360610128","3","5.6","ug/m3 LC","23","PS 19","1","100.0000","88502","Acceptable PM2.5 AQI & Speciation Mass","35620","New York-Newark-Jersey City, NY-NJ-PA","36","New York","061","New York","40.73","-73.984"
"05/08/2013","AQS","360610128","3","5.7","ug/m3 LC","24","PS 19","1","100.0000","88502","Acceptable PM2.5 AQI & Speciation Mass","35620","New York-Newark-Jersey City, NY-NJ-PA","36","New York","061","New York","40.73","-73.984"
"05/09/2013","AQS","360610128","3","8","ug/m3 LC","33","PS 19","1","100.0000","88502","Acceptable PM2.5 AQI & Speciation Mass","35620","New York-Newark-Jersey City, NY-NJ-PA","36","New York","061","New York","40.73","-73.984"
"05/10/2013","AQS","360610128","3","11.4","ug/m3 LC","48","PS 19","1","100.0000","88502","Acceptable PM2.5 AQI & Speciation Mass","35620","New York-Newark-Jersey City, NY-NJ-PA","36","New York","061","New York","40.73","-73.984"
"05/11/2013","AQS","360610128","3","9.7","ug/m3 LC","40","PS 19","1","100.0000","88502","Acceptable PM2.5 AQI & Speciation Mass","35620","New York-Newark-Jersey City, NY-NJ-PA","36","New York","061","New York","40.73","-73.984"
"05/12/2013","AQS","360610128","3","3.3","ug/m3 LC","14","PS 19","1","100.0000","88502","Acceptable PM2.5 AQI & Speciation Mass","35620","New York-Newark-Jersey City, NY-NJ-PA","36","New York","061","New York","40.73","-73.984"
"05/13/2013","AQS","360610128","3","3.7","ug/m3 LC","15","PS 19","1","100.0000","88502","Acceptable PM2.5 AQI & Speciation Mass","35620","New York-Newark-Jersey City, NY-NJ-PA","36","New York","061","New York","40.73","-73.984"
"05/14/2013","AQS","360610128","3","3.5","ug/m3 LC","15","PS 19","1","100.0000","88502","Acceptable PM2.5 AQI & Speciation Mass","35620","New York-Newark-Jersey City, NY-NJ-PA","36","New York","061","New York","40.73","-73.984"
"05/15/2013","AQS","360610128","3","12.4","ug/m3 LC","52","PS 19","1","100.0000","88502","Acceptable PM2.5 AQI & Speciation Mass","35620","New York-Newark-Jersey City, NY-NJ-PA","36","New York","061","New York","40.73","-73.984"
"05/16/2013","AQS","360610128","3","12.6","ug/m3 LC","52","PS 19","1","100.0000","88502","Acceptable PM2.5 AQI & Speciation Mass","35620","New York-Newark-Jersey City, NY-NJ-PA","36","New York","061","New York","40.73","-73.984"
"05/17/2013","AQS","360610128","3","3.2","ug/m3 LC","13","PS 19","1","100.0000","88502","Acceptable PM2.5 AQI & Speciation Mass","35620","New York-Newark-Jersey City, NY-NJ-PA","36","New York","061","New York","40.73","-73.984"
"05/18/2013","AQS","360610128","3","5.6","ug/m3 LC","23","PS 19","1","100.0000","88502","Acceptable PM2.5 AQI & Speciation Mass","35620","New York-Newark-Jersey City, NY-NJ-PA","36","New York","061","New York","40.73","-73.984"
"05/19/2013","AQS","360610128","3","1.8","ug/m3 LC","8","PS 19","1","100.0000","88502","Acceptable PM2.5 AQI & Speciation Mass","35620","New York-Newark-Jersey City, NY-NJ-PA","36","New York","061","New York","40.73","-73.984"
"05/20/2013","AQS","360610128","3","13.6","ug/m3 LC","54","PS 19","1","100.0000","88502","Acceptable PM2.5 AQI & Speciation Mass","35620","New York-Newark-Jersey City, NY-NJ-PA","36","New York","061","New York","40.73","-73.984"
"05/21/2013","AQS","360610128","3","13.9","ug/m3 LC","55","PS 19","1","100.0000","88502","Acceptable PM2.5 AQI & Speciation Mass","35620","New York-Newark-Jersey City, NY-NJ-PA","36","New York","061","New York","40.73","-73.984"
"05/22/2013","AQS","360610128","3","16.7","ug/m3 LC","61","PS 19","1","100.0000","88502","Acceptable PM2.5 AQI & Speciation Mass","35620","New York-Newark-Jersey City, NY-NJ-PA","36","New York","061","New York","40.73","-73.984"
"05/23/2013","AQS","360610128","3","6.7","ug/m3 LC","28","PS 19","1","100.0000","88502","Acceptable PM2.5 AQI & Speciation Mass","35620","New York-Newark-Jersey City, NY-NJ-PA","36","New York","061","New York","40.73","-73.984"
"05/24/2013","AQS","360610128","3","0.2","ug/m3 LC","1","PS 19","1","100.0000","88502","Acceptable PM2.5 AQI & Speciation Mass","35620","New York-Newark-Jersey City, NY-NJ-PA","36","New York","061","New York","40.73","-73.984"
"05/25/2013","AQS","360610128","3","-0.2","ug/m3 LC","0","PS 19","1","100.0000","88502","Acceptable PM2.5 AQI & Speciation Mass","35620","New York-Newark-Jersey City, NY-NJ-PA","36","New York","061","New York","40.73","-73.984"
"05/26/2013","AQS","360610128","3","2.3","ug/m3 LC","10","PS 19","1","100.0000","88502","Acceptable PM2.5 AQI & Speciation Mass","35620","New York-Newark-Jersey City, NY-NJ-PA","36","New York","061","New York","40.73","-73.984"
"05/27/2013","AQS","360610128","3","5.2","ug/m3 LC","22","PS 19","1","100.0000","88502","Acceptable PM2.5 AQI & Speciation Mass","35620","New York-Newark-Jersey City, NY-NJ-PA","36","New York","061","New York","40.73","-73.984"
"05/28/2013","AQS","360610128","3","11.8","ug/m3 LC","49","PS 19","1","100.0000","88502","Acceptable PM2.5 AQI & Speciation Mass","35620","New York-Newark-Jersey City, NY-NJ-PA","36","New York","061","New York","40.73","-73.984"
"05/29/2013","AQS","360610128","3","21.5","ug/m3 LC","71","PS 19","1","100.0000","88502","Acceptable PM2.5 AQI & Speciation Mass","35620","New York-Newark-Jersey City, NY-NJ-PA","36","New York","061","New York","40.73","-73.984"
"05/30/2013","AQS","360610128","3","19.2","ug/m3 LC","66","PS 19","1","100.0000","88502","Acceptable PM2.5 AQI & Speciation Mass","35620","New York-Newark-Jersey City, NY-NJ-PA","36","New York","061","New York","40.73","-73.984"
"05/31/2013","AQS","360610128","3","16.6","ug/m3 LC","60","PS 19","1","100.0000","88502","Acceptable PM2.5 AQI & Speciation Mass","35620","New York-Newark-Jersey City, NY-NJ-PA","36","New York","061","New York","40.73","-73.984"
"06/01/2013","AQS","360610128","3","11.2","ug/m3 LC","47","PS 19","1","100.0000","88502","Acceptable PM2.5 AQI & Speciation Mass","35620","New York-Newark-Jersey City, NY-NJ-PA","36","New York","061","New York","40.73","-73.984"
"06/02/2013","AQS","360610128","3","5.8","ug/m3 LC","24","PS 19","1","100.0000","88502","Acceptable PM2.5 AQI & Speciation Mass","35620","New York-Newark-Jersey City, NY-NJ-PA","36","New York","061","New York","40.73","-73.984"
"06/03/2013","AQS","360610128","3","4.1","ug/m3 LC","17","PS 19","1","100.0000","88502","Acceptable PM2.5 AQI & Speciation Mass","35620","New York-Newark-Jersey City, NY-NJ-PA","36","New York","061","New York","40.73","-73.984"
"06/04/2013","AQS","360610128","3","0.5","ug/m3 LC","2","PS 19","1","100.0000","88502","Acceptable PM2.5 AQI & Speciation Mass","35620","New York-Newark-Jersey City, NY-NJ-PA","36","New York","061","New York","40.73","-73.984"
"06/05/2013","AQS","360610128","3","2.5","ug/m3 LC","10","PS 19","1","100.0000","88502","Acceptable PM2.5 AQI & Speciation Mass","35620","New York-Newark-Jersey City, NY-NJ-PA","36","New York","061","New York","40.73","-73.984"
"06/06/2013","AQS","360610128","3","4.3","ug/m3 LC","18","PS 19","1","100.0000","88502","Acceptable PM2.5 AQI & Speciation Mass","35620","New York-Newark-Jersey City, NY-NJ-PA","36","New York","061","New York","40.73","-73.984"
"06/07/2013","AQS","360610128","3","1.9","ug/m3 LC","8","PS 19","1","100.0000","88502","Acceptable PM2.5 AQI & Speciation Mass","35620","New York-Newark-Jersey City, NY-NJ-PA","36","New York","061","New York","40.73","-73.984"
"06/08/2013","AQS","360610128","3","4.2","ug/m3 LC","18","PS 19","1","100.0000","88502","Acceptable PM2.5 AQI & Speciation Mass","35620","New York-Newark-Jersey City, NY-NJ-PA","36","New York","061","New York","40.73","-73.984"
"06/09/2013","AQS","360610128","3","10.5","ug/m3 LC","44","PS 19","1","100.0000","88502","Acceptable PM2.5 AQI & Speciation Mass","35620","New York-Newark-Jersey City, NY-NJ-PA","36","New York","061","New York","40.73","-73.984"
"06/10/2013","AQS","360610128","3","8.6","ug/m3 LC","36","PS 19","1","100.0000","88502","Acceptable PM2.5 AQI & Speciation Mass","35620","New York-Newark-Jersey City, NY-NJ-PA","36","New York","061","New York","40.73","-73.984"
"06/11/2013","AQS","360610128","3","5.8","ug/m3 LC","24","PS 19","1","100.0000","88502","Acceptable PM2.5 AQI & Speciation Mass","35620","New York-Newark-Jersey City, NY-NJ-PA","36","New York","061","New York","40.73","-73.984"
"06/12/2013","AQS","360610128","3","1.8","ug/m3 LC","8","PS 19","1","100.0000","88502","Acceptable PM2.5 AQI & Speciation Mass","35620","New York-Newark-Jersey City, NY-NJ-PA","36","New York","061","New York","40.73","-73.984"
"06/13/2013","AQS","360610128","3","4.2","ug/m3 LC","18","PS 19","1","100.0000","88502","Acceptable PM2.5 AQI & Speciation Mass","35620","New York-Newark-Jersey City, NY-NJ-PA","36","New York","061","New York","40.73","-73.984"
"06/14/2013","AQS","360610128","3","5.5","ug/m3 LC","23","PS 19","1","100.0000","88502","Acceptable PM2.5 AQI & Speciation Mass","35620","New York-Newark-Jersey City, NY-NJ-PA","36","New York","061","New York","40.73","-73.984"
"06/15/2013","AQS","360610128","3","10.4","ug/m3 LC","43","PS 19","1","100.0000","88502","Acceptable PM2.5 AQI & Speciation Mass","35620","New York-Newark-Jersey City, NY-NJ-PA","36","New York","061","New York","40.73","-73.984"
"06/16/2013","AQS","360610128","3","12","ug/m3 LC","50","PS 19","1","100.0000","88502","Acceptable PM2.5 AQI & Speciation Mass","35620","New York-Newark-Jersey City, NY-NJ-PA","36","New York","061","New York","40.73","-73.984"
"06/17/2013","AQS","360610128","3","12.4","ug/m3 LC","52","PS 19","1","100.0000","88502","Acceptable PM2.5 AQI & Speciation Mass","35620","New York-Newark-Jersey City, NY-NJ-PA","36","New York","061","New York","40.73","-73.984"
"06/18/2013","AQS","360610128","3","11.1","ug/m3 LC","46","PS 19","1","100.0000","88502","Acceptable PM2.5 AQI & Speciation Mass","35620","New York-Newark-Jersey City, NY-NJ-PA","36","New York","061","New York","40.73","-73.984"
"06/19/2013","AQS","360610128","3","4.4","ug/m3 LC","18","PS 19","1","100.0000","88502","Acceptable PM2.5 AQI & Speciation Mass","35620","New York-Newark-Jersey City, NY-NJ-PA","36","New York","061","New York","40.73","-73.984"
"06/20/2013","AQS","360610128","3","6.9","ug/m3 LC","29","PS 19","1","100.0000","88502","Acceptable PM2.5 AQI & Speciation Mass","35620","New York-Newark-Jersey City, NY-NJ-PA","36","New York","061","New York","40.73","-73.984"
"06/21/2013","AQS","360610128","3","7.9","ug/m3 LC","33","PS 19","1","100.0000","88502","Acceptable PM2.5 AQI & Speciation Mass","35620","New York-Newark-Jersey City, NY-NJ-PA","36","New York","061","New York","40.73","-73.984"
"06/22/2013","AQS","360610128","3","8.9","ug/m3 LC","37","PS 19","1","100.0000","88502","Acceptable PM2.5 AQI & Speciation Mass","35620","New York-Newark-Jersey City, NY-NJ-PA","36","New York","061","New York","40.73","-73.984"
"06/23/2013","AQS","360610128","3","8.3","ug/m3 LC","35","PS 19","1","100.0000","88502","Acceptable PM2.5 AQI & Speciation Mass","35620","New York-Newark-Jersey City, NY-NJ-PA","36","New York","061","New York","40.73","-73.984"
"06/24/2013","AQS","360610128","3","11.7","ug/m3 LC","49","PS 19","1","100.0000","88502","Acceptable PM2.5 AQI & Speciation Mass","35620","New York-Newark-Jersey City, NY-NJ-PA","36","New York","061","New York","40.73","-73.984"
"06/25/2013","AQS","360610128","3","16.4","ug/m3 LC","60","PS 19","1","100.0000","88502","Acceptable PM2.5 AQI & Speciation Mass","35620","New York-Newark-Jersey City, NY-NJ-PA","36","New York","061","New York","40.73","-73.984"
"06/26/2013","AQS","360610128","3","9.8","ug/m3 LC","41","PS 19","1","100.0000","88502","Acceptable PM2.5 AQI & Speciation Mass","35620","New York-Newark-Jersey City, NY-NJ-PA","36","New York","061","New York","40.73","-73.984"
"06/27/2013","AQS","360610128","3","12.7","ug/m3 LC","52","PS 19","1","100.0000","88502","Acceptable PM2.5 AQI & Speciation Mass","35620","New York-Newark-Jersey City, NY-NJ-PA","36","New York","061","New York","40.73","-73.984"
"07/02/2013","AQS","360610128","3","7.8","ug/m3 LC","33","PS 19","1","100.0000","88502","Acceptable PM2.5 AQI & Speciation Mass","35620","New York-Newark-Jersey City, NY-NJ-PA","36","New York","061","New York","40.73","-73.984"
"07/06/2013","AQS","360610128","3","8.9","ug/m3 LC","37","PS 19","1","100.0000","88502","Acceptable PM2.5 AQI & Speciation Mass","35620","New York-Newark-Jersey City, NY-NJ-PA","36","New York","061","New York","40.73","-73.984"
"07/07/2013","AQS","360610128","3","5.8","ug/m3 LC","24","PS 19","1","100.0000","88502","Acceptable PM2.5 AQI & Speciation Mass","35620","New York-Newark-Jersey City, NY-NJ-PA","36","New York","061","New York","40.73","-73.984"
"07/08/2013","AQS","360610128","3","7.7","ug/m3 LC","32","PS 19","1","100.0000","88502","Acceptable PM2.5 AQI & Speciation Mass","35620","New York-Newark-Jersey City, NY-NJ-PA","36","New York","061","New York","40.73","-73.984"
"07/09/2013","AQS","360610128","3","17.8","ug/m3 LC","63","PS 19","1","100.0000","88502","Acceptable PM2.5 AQI & Speciation Mass","35620","New York-Newark-Jersey City, NY-NJ-PA","36","New York","061","New York","40.73","-73.984"
"07/10/2013","AQS","360610128","3","16.2","ug/m3 LC","60","PS 19","1","100.0000","88502","Acceptable PM2.5 AQI & Speciation Mass","35620","New York-Newark-Jersey City, NY-NJ-PA","36","New York","061","New York","40.73","-73.984"
"07/11/2013","AQS","360610128","3","7.9","ug/m3 LC","33","PS 19","1","100.0000","88502","Acceptable PM2.5 AQI & Speciation Mass","35620","New York-Newark-Jersey City, NY-NJ-PA","36","New York","061","New York","40.73","-73.984"
"07/12/2013","AQS","360610128","3","8.3","ug/m3 LC","35","PS 19","1","100.0000","88502","Acceptable PM2.5 AQI & Speciation Mass","35620","New York-Newark-Jersey City, NY-NJ-PA","36","New York","061","New York","40.73","-73.984"
"07/13/2013","AQS","360610128","3","10.9","ug/m3 LC","45","PS 19","1","100.0000","88502","Acceptable PM2.5 AQI & Speciation Mass","35620","New York-Newark-Jersey City, NY-NJ-PA","36","New York","061","New York","40.73","-73.984"
"07/14/2013","AQS","360610128","3","11","ug/m3 LC","46","PS 19","1","100.0000","88502","Acceptable PM2.5 AQI & Speciation Mass","35620","New York-Newark-Jersey City, NY-NJ-PA","36","New York","061","New York","40.73","-73.984"
"07/15/2013","AQS","360610128","3","10.7","ug/m3 LC","45","PS 19","1","100.0000","88502","Acceptable PM2.5 AQI & Speciation Mass","35620","New York-Newark-Jersey City, NY-NJ-PA","36","New York","061","New York","40.73","-73.984"
"07/16/2013","AQS","360610128","3","11.6","ug/m3 LC","48","PS 19","1","100.0000","88502","Acceptable PM2.5 AQI & Speciation Mass","35620","New York-Newark-Jersey City, NY-NJ-PA","36","New York","061","New York","40.73","-73.984"
"07/17/2013","AQS","360610128","3","17.1","ug/m3 LC","62","PS 19","1","100.0000","88502","Acceptable PM2.5 AQI & Speciation Mass","35620","New York-Newark-Jersey City, NY-NJ-PA","36","New York","061","New York","40.73","-73.984"
"07/18/2013","AQS","360610128","3","15.8","ug/m3 LC","59","PS 19","1","100.0000","88502","Acceptable PM2.5 AQI & Speciation Mass","35620","New York-Newark-Jersey City, NY-NJ-PA","36","New York","061","New York","40.73","-73.984"
"07/19/2013","AQS","360610128","3","28.6","ug/m3 LC","86","PS 19","1","100.0000","88502","Acceptable PM2.5 AQI & Speciation Mass","35620","New York-Newark-Jersey City, NY-NJ-PA","36","New York","061","New York","40.73","-73.984"
"07/20/2013","AQS","360610128","3","15.7","ug/m3 LC","59","PS 19","1","100.0000","88502","Acceptable PM2.5 AQI & Speciation Mass","35620","New York-Newark-Jersey City, NY-NJ-PA","36","New York","061","New York","40.73","-73.984"
"07/23/2013","AQS","360610128","3","4.4","ug/m3 LC","18","PS 19","1","100.0000","88502","Acceptable PM2.5 AQI & Speciation Mass","35620","New York-Newark-Jersey City, NY-NJ-PA","36","New York","061","New York","40.73","-73.984"
"07/24/2013","AQS","360610128","3","3.2","ug/m3 LC","13","PS 19","1","100.0000","88502","Acceptable PM2.5 AQI & Speciation Mass","35620","New York-Newark-Jersey City, NY-NJ-PA","36","New York","061","New York","40.73","-73.984"
"07/25/2013","AQS","360610128","3","2.8","ug/m3 LC","12","PS 19","1","100.0000","88502","Acceptable PM2.5 AQI & Speciation Mass","35620","New York-Newark-Jersey City, NY-NJ-PA","36","New York","061","New York","40.73","-73.984"
"07/31/2013","AQS","360610128","3","6.4","ug/m3 LC","27","PS 19","1","100.0000","88502","Acceptable PM2.5 AQI & Speciation Mass","35620","New York-Newark-Jersey City, NY-NJ-PA","36","New York","061","New York","40.73","-73.984"
"08/01/2013","AQS","360610128","3","10.8","ug/m3 LC","45","PS 19","1","100.0000","88502","Acceptable PM2.5 AQI & Speciation Mass","35620","New York-Newark-Jersey City, NY-NJ-PA","36","New York","061","New York","40.73","-73.984"
"08/02/2013","AQS","360610128","3","8","ug/m3 LC","33","PS 19","1","100.0000","88502","Acceptable PM2.5 AQI & Speciation Mass","35620","New York-Newark-Jersey City, NY-NJ-PA","36","New York","061","New York","40.73","-73.984"
"08/03/2013","AQS","360610128","3","11.9","ug/m3 LC","50","PS 19","1","100.0000","88502","Acceptable PM2.5 AQI & Speciation Mass","35620","New York-Newark-Jersey City, NY-NJ-PA","36","New York","061","New York","40.73","-73.984"
"08/04/2013","AQS","360610128","3","1.9","ug/m3 LC","8","PS 19","1","100.0000","88502","Acceptable PM2.5 AQI & Speciation Mass","35620","New York-Newark-Jersey City, NY-NJ-PA","36","New York","061","New York","40.73","-73.984"
"08/05/2013","AQS","360610128","3","2.4","ug/m3 LC","10","PS 19","1","100.0000","88502","Acceptable PM2.5 AQI & Speciation Mass","35620","New York-Newark-Jersey City, NY-NJ-PA","36","New York","061","New York","40.73","-73.984"
"08/06/2013","AQS","360610128","3","6.4","ug/m3 LC","27","PS 19","1","100.0000","88502","Acceptable PM2.5 AQI & Speciation Mass","35620","New York-Newark-Jersey City, NY-NJ-PA","36","New York","061","New York","40.73","-73.984"
"08/07/2013","AQS","360610128","3","4.2","ug/m3 LC","18","PS 19","1","100.0000","88502","Acceptable PM2.5 AQI & Speciation Mass","35620","New York-Newark-Jersey City, NY-NJ-PA","36","New York","061","New York","40.73","-73.984"
"08/08/2013","AQS","360610128","3","7.9","ug/m3 LC","33","PS 19","1","100.0000","88502","Acceptable PM2.5 AQI & Speciation Mass","35620","New York-Newark-Jersey City, NY-NJ-PA","36","New York","061","New York","40.73","-73.984"
"08/09/2013","AQS","360610128","3","10.3","ug/m3 LC","43","PS 19","1","100.0000","88502","Acceptable PM2.5 AQI & Speciation Mass","35620","New York-Newark-Jersey City, NY-NJ-PA","36","New York","061","New York","40.73","-73.984"
"08/10/2013","AQS","360610128","3","5.2","ug/m3 LC","22","PS 19","1","100.0000","88502","Acceptable PM2.5 AQI & Speciation Mass","35620","New York-Newark-Jersey City, NY-NJ-PA","36","New York","061","New York","40.73","-73.984"
"08/11/2013","AQS","360610128","3","4.2","ug/m3 LC","18","PS 19","1","100.0000","88502","Acceptable PM2.5 AQI & Speciation Mass","35620","New York-Newark-Jersey City, NY-NJ-PA","36","New York","061","New York","40.73","-73.984"
"08/12/2013","AQS","360610128","3","12.5","ug/m3 LC","52","PS 19","1","100.0000","88502","Acceptable PM2.5 AQI & Speciation Mass","35620","New York-Newark-Jersey City, NY-NJ-PA","36","New York","061","New York","40.73","-73.984"
"08/13/2013","AQS","360610128","3","12","ug/m3 LC","50","PS 19","1","100.0000","88502","Acceptable PM2.5 AQI & Speciation Mass","35620","New York-Newark-Jersey City, NY-NJ-PA","36","New York","061","New York","40.73","-73.984"
"08/14/2013","AQS","360610128","3","1","ug/m3 LC","4","PS 19","1","100.0000","88502","Acceptable PM2.5 AQI & Speciation Mass","35620","New York-Newark-Jersey City, NY-NJ-PA","36","New York","061","New York","40.73","-73.984"
"08/15/2013","AQS","360610128","3","1.6","ug/m3 LC","7","PS 19","1","100.0000","88502","Acceptable PM2.5 AQI & Speciation Mass","35620","New York-Newark-Jersey City, NY-NJ-PA","36","New York","061","New York","40.73","-73.984"
"08/16/2013","AQS","360610128","3","6.3","ug/m3 LC","26","PS 19","1","100.0000","88502","Acceptable PM2.5 AQI & Speciation Mass","35620","New York-Newark-Jersey City, NY-NJ-PA","36","New York","061","New York","40.73","-73.984"
"08/17/2013","AQS","360610128","3","8.6","ug/m3 LC","36","PS 19","1","100.0000","88502","Acceptable PM2.5 AQI & Speciation Mass","35620","New York-Newark-Jersey City, NY-NJ-PA","36","New York","061","New York","40.73","-73.984"
"08/18/2013","AQS","360610128","3","10.2","ug/m3 LC","43","PS 19","1","100.0000","88502","Acceptable PM2.5 AQI & Speciation Mass","35620","New York-Newark-Jersey City, NY-NJ-PA","36","New York","061","New York","40.73","-73.984"
"08/19/2013","AQS","360610128","3","11.1","ug/m3 LC","46","PS 19","1","100.0000","88502","Acceptable PM2.5 AQI & Speciation Mass","35620","New York-Newark-Jersey City, NY-NJ-PA","36","New York","061","New York","40.73","-73.984"
"08/20/2013","AQS","360610128","3","12.9","ug/m3 LC","53","PS 19","1","100.0000","88502","Acceptable PM2.5 AQI & Speciation Mass","35620","New York-Newark-Jersey City, NY-NJ-PA","36","New York","061","New York","40.73","-73.984"
"08/21/2013","AQS","360610128","3","17.8","ug/m3 LC","63","PS 19","1","100.0000","88502","Acceptable PM2.5 AQI & Speciation Mass","35620","New York-Newark-Jersey City, NY-NJ-PA","36","New York","061","New York","40.73","-73.984"
"08/22/2013","AQS","360610128","3","10.2","ug/m3 LC","43","PS 19","1","100.0000","88502","Acceptable PM2.5 AQI & Speciation Mass","35620","New York-Newark-Jersey City, NY-NJ-PA","36","New York","061","New York","40.73","-73.984"
"08/23/2013","AQS","360610128","3","6.9","ug/m3 LC","29","PS 19","1","100.0000","88502","Acceptable PM2.5 AQI & Speciation Mass","35620","New York-Newark-Jersey City, NY-NJ-PA","36","New York","061","New York","40.73","-73.984"
"08/24/2013","AQS","360610128","3","3.7","ug/m3 LC","15","PS 19","1","100.0000","88502","Acceptable PM2.5 AQI & Speciation Mass","35620","New York-Newark-Jersey City, NY-NJ-PA","36","New York","061","New York","40.73","-73.984"
"08/25/2013","AQS","360610128","3","5","ug/m3 LC","21","PS 19","1","100.0000","88502","Acceptable PM2.5 AQI & Speciation Mass","35620","New York-Newark-Jersey City, NY-NJ-PA","36","New York","061","New York","40.73","-73.984"
"08/26/2013","AQS","360610128","3","11.4","ug/m3 LC","48","PS 19","1","100.0000","88502","Acceptable PM2.5 AQI & Speciation Mass","35620","New York-Newark-Jersey City, NY-NJ-PA","36","New York","061","New York","40.73","-73.984"
"08/27/2013","AQS","360610128","3","8.7","ug/m3 LC","36","PS 19","1","100.0000","88502","Acceptable PM2.5 AQI & Speciation Mass","35620","New York-Newark-Jersey City, NY-NJ-PA","36","New York","061","New York","40.73","-73.984"
"08/28/2013","AQS","360610128","3","16.2","ug/m3 LC","60","PS 19","1","100.0000","88502","Acceptable PM2.5 AQI & Speciation Mass","35620","New York-Newark-Jersey City, NY-NJ-PA","36","New York","061","New York","40.73","-73.984"
"08/29/2013","AQS","360610128","3","8.5","ug/m3 LC","35","PS 19","1","100.0000","88502","Acceptable PM2.5 AQI & Speciation Mass","35620","New York-Newark-Jersey City, NY-NJ-PA","36","New York","061","New York","40.73","-73.984"
"08/30/2013","AQS","360610128","3","11.3","ug/m3 LC","47","PS 19","1","100.0000","88502","Acceptable PM2.5 AQI & Speciation Mass","35620","New York-Newark-Jersey City, NY-NJ-PA","36","New York","061","New York","40.73","-73.984"
"08/31/2013","AQS","360610128","3","12.7","ug/m3 LC","52","PS 19","1","100.0000","88502","Acceptable PM2.5 AQI & Speciation Mass","35620","New York-Newark-Jersey City, NY-NJ-PA","36","New York","061","New York","40.73","-73.984"
"09/01/2013","AQS","360610128","3","8.6","ug/m3 LC","36","PS 19","1","100.0000","88502","Acceptable PM2.5 AQI & Speciation Mass","35620","New York-Newark-Jersey City, NY-NJ-PA","36","New York","061","New York","40.73","-73.984"
"09/02/2013","AQS","360610128","3","12.8","ug/m3 LC","52","PS 19","1","100.0000","88502","Acceptable PM2.5 AQI & Speciation Mass","35620","New York-Newark-Jersey City, NY-NJ-PA","36","New York","061","New York","40.73","-73.984"
"09/03/2013","AQS","360610128","3","4.1","ug/m3 LC","17","PS 19","1","100.0000","88502","Acceptable PM2.5 AQI & Speciation Mass","35620","New York-Newark-Jersey City, NY-NJ-PA","36","New York","061","New York","40.73","-73.984"
"09/04/2013","AQS","360610128","3","2.9","ug/m3 LC","12","PS 19","1","100.0000","88502","Acceptable PM2.5 AQI & Speciation Mass","35620","New York-Newark-Jersey City, NY-NJ-PA","36","New York","061","New York","40.73","-73.984"
"09/05/2013","AQS","360610128","3","5","ug/m3 LC","21","PS 19","1","100.0000","88502","Acceptable PM2.5 AQI & Speciation Mass","35620","New York-Newark-Jersey City, NY-NJ-PA","36","New York","061","New York","40.73","-73.984"
"09/06/2013","AQS","360610128","3","3","ug/m3 LC","13","PS 19","1","100.0000","88502","Acceptable PM2.5 AQI & Speciation Mass","35620","New York-Newark-Jersey City, NY-NJ-PA","36","New York","061","New York","40.73","-73.984"
"09/07/2013","AQS","360610128","3","6.8","ug/m3 LC","28","PS 19","1","100.0000","88502","Acceptable PM2.5 AQI & Speciation Mass","35620","New York-Newark-Jersey City, NY-NJ-PA","36","New York","061","New York","40.73","-73.984"
"09/08/2013","AQS","360610128","3","6.5","ug/m3 LC","27","PS 19","1","100.0000","88502","Acceptable PM2.5 AQI & Speciation Mass","35620","New York-Newark-Jersey City, NY-NJ-PA","36","New York","061","New York","40.73","-73.984"
"09/09/2013","AQS","360610128","3","0.8","ug/m3 LC","3","PS 19","1","100.0000","88502","Acceptable PM2.5 AQI & Speciation Mass","35620","New York-Newark-Jersey City, NY-NJ-PA","36","New York","061","New York","40.73","-73.984"
"09/10/2013","AQS","360610128","3","16.1","ug/m3 LC","59","PS 19","1","100.0000","88502","Acceptable PM2.5 AQI & Speciation Mass","35620","New York-Newark-Jersey City, NY-NJ-PA","36","New York","061","New York","40.73","-73.984"
"09/11/2013","AQS","360610128","3","26.5","ug/m3 LC","81","PS 19","1","100.0000","88502","Acceptable PM2.5 AQI & Speciation Mass","35620","New York-Newark-Jersey City, NY-NJ-PA","36","New York","061","New York","40.73","-73.984"
"09/12/2013","AQS","360610128","3","15.8","ug/m3 LC","59","PS 19","1","100.0000","88502","Acceptable PM2.5 AQI & Speciation Mass","35620","New York-Newark-Jersey City, NY-NJ-PA","36","New York","061","New York","40.73","-73.984"
"09/13/2013","AQS","360610128","3","1.6","ug/m3 LC","7","PS 19","1","100.0000","88502","Acceptable PM2.5 AQI & Speciation Mass","35620","New York-Newark-Jersey City, NY-NJ-PA","36","New York","061","New York","40.73","-73.984"
"09/14/2013","AQS","360610128","3","0.6","ug/m3 LC","3","PS 19","1","100.0000","88502","Acceptable PM2.5 AQI & Speciation Mass","35620","New York-Newark-Jersey City, NY-NJ-PA","36","New York","061","New York","40.73","-73.984"
"09/15/2013","AQS","360610128","3","3.5","ug/m3 LC","15","PS 19","1","100.0000","88502","Acceptable PM2.5 AQI & Speciation Mass","35620","New York-Newark-Jersey City, NY-NJ-PA","36","New York","061","New York","40.73","-73.984"
"09/16/2013","AQS","360610128","3","5.2","ug/m3 LC","22","PS 19","1","100.0000","88502","Acceptable PM2.5 AQI & Speciation Mass","35620","New York-Newark-Jersey City, NY-NJ-PA","36","New York","061","New York","40.73","-73.984"
"09/17/2013","AQS","360610128","3","1.6","ug/m3 LC","7","PS 19","1","100.0000","88502","Acceptable PM2.5 AQI & Speciation Mass","35620","New York-Newark-Jersey City, NY-NJ-PA","36","New York","061","New York","40.73","-73.984"
"09/18/2013","AQS","360610128","3","5","ug/m3 LC","21","PS 19","1","100.0000","88502","Acceptable PM2.5 AQI & Speciation Mass","35620","New York-Newark-Jersey City, NY-NJ-PA","36","New York","061","New York","40.73","-73.984"
"09/19/2013","AQS","360610128","3","7.9","ug/m3 LC","33","PS 19","1","100.0000","88502","Acceptable PM2.5 AQI & Speciation Mass","35620","New York-Newark-Jersey City, NY-NJ-PA","36","New York","061","New York","40.73","-73.984"
"09/20/2013","AQS","360610128","3","9.9","ug/m3 LC","41","PS 19","1","100.0000","88502","Acceptable PM2.5 AQI & Speciation Mass","35620","New York-Newark-Jersey City, NY-NJ-PA","36","New York","061","New York","40.73","-73.984"
"09/21/2013","AQS","360610128","3","2.9","ug/m3 LC","12","PS 19","1","100.0000","88502","Acceptable PM2.5 AQI & Speciation Mass","35620","New York-Newark-Jersey City, NY-NJ-PA","36","New York","061","New York","40.73","-73.984"
"09/22/2013","AQS","360610128","3","0.5","ug/m3 LC","2","PS 19","1","100.0000","88502","Acceptable PM2.5 AQI & Speciation Mass","35620","New York-Newark-Jersey City, NY-NJ-PA","36","New York","061","New York","40.73","-73.984"
"09/23/2013","AQS","360610128","3","1.3","ug/m3 LC","5","PS 19","1","100.0000","88502","Acceptable PM2.5 AQI & Speciation Mass","35620","New York-Newark-Jersey City, NY-NJ-PA","36","New York","061","New York","40.73","-73.984"
"09/24/2013","AQS","360610128","3","2.3","ug/m3 LC","10","PS 19","1","100.0000","88502","Acceptable PM2.5 AQI & Speciation Mass","35620","New York-Newark-Jersey City, NY-NJ-PA","36","New York","061","New York","40.73","-73.984"
"09/25/2013","AQS","360610128","3","6.2","ug/m3 LC","26","PS 19","1","100.0000","88502","Acceptable PM2.5 AQI & Speciation Mass","35620","New York-Newark-Jersey City, NY-NJ-PA","36","New York","061","New York","40.73","-73.984"
"09/26/2013","AQS","360610128","3","6","ug/m3 LC","25","PS 19","1","100.0000","88502","Acceptable PM2.5 AQI & Speciation Mass","35620","New York-Newark-Jersey City, NY-NJ-PA","36","New York","061","New York","40.73","-73.984"
"09/27/2013","AQS","360610128","3","6","ug/m3 LC","25","PS 19","1","100.0000","88502","Acceptable PM2.5 AQI & Speciation Mass","35620","New York-Newark-Jersey City, NY-NJ-PA","36","New York","061","New York","40.73","-73.984"
"09/28/2013","AQS","360610128","3","3.1","ug/m3 LC","13","PS 19","1","100.0000","88502","Acceptable PM2.5 AQI & Speciation Mass","35620","New York-Newark-Jersey City, NY-NJ-PA","36","New York","061","New York","40.73","-73.984"
"09/29/2013","AQS","360610128","3","3.9","ug/m3 LC","16","PS 19","1","100.0000","88502","Acceptable PM2.5 AQI & Speciation Mass","35620","New York-Newark-Jersey City, NY-NJ-PA","36","New York","061","New York","40.73","-73.984"
"09/30/2013","AQS","360610128","3","6.3","ug/m3 LC","26","PS 19","1","100.0000","88502","Acceptable PM2.5 AQI & Speciation Mass","35620","New York-Newark-Jersey City, NY-NJ-PA","36","New York","061","New York","40.73","-73.984"
"10/01/2013","AQS","360610128","3","13.7","ug/m3 LC","54","PS 19","1","100.0000","88502","Acceptable PM2.5 AQI & Speciation Mass","35620","New York-Newark-Jersey City, NY-NJ-PA","36","New York","061","New York","40.73","-73.984"
"10/02/2013","AQS","360610128","3","15.8","ug/m3 LC","59","PS 19","1","100.0000","88502","Acceptable PM2.5 AQI & Speciation Mass","35620","New York-Newark-Jersey City, NY-NJ-PA","36","New York","061","New York","40.73","-73.984"
"10/03/2013","AQS","360610128","3","13","ug/m3 LC","53","PS 19","1","100.0000","88502","Acceptable PM2.5 AQI & Speciation Mass","35620","New York-Newark-Jersey City, NY-NJ-PA","36","New York","061","New York","40.73","-73.984"
"10/04/2013","AQS","360610128","3","21.7","ug/m3 LC","71","PS 19","1","100.0000","88502","Acceptable PM2.5 AQI & Speciation Mass","35620","New York-Newark-Jersey City, NY-NJ-PA","36","New York","061","New York","40.73","-73.984"
"10/05/2013","AQS","360610128","3","14","ug/m3 LC","55","PS 19","1","100.0000","88502","Acceptable PM2.5 AQI & Speciation Mass","35620","New York-Newark-Jersey City, NY-NJ-PA","36","New York","061","New York","40.73","-73.984"
"10/06/2013","AQS","360610128","3","12.8","ug/m3 LC","52","PS 19","1","100.0000","88502","Acceptable PM2.5 AQI & Speciation Mass","35620","New York-Newark-Jersey City, NY-NJ-PA","36","New York","061","New York","40.73","-73.984"
"10/07/2013","AQS","360610128","3","4.2","ug/m3 LC","18","PS 19","1","100.0000","88502","Acceptable PM2.5 AQI & Speciation Mass","35620","New York-Newark-Jersey City, NY-NJ-PA","36","New York","061","New York","40.73","-73.984"
"10/08/2013","AQS","360610128","3","3.8","ug/m3 LC","16","PS 19","1","100.0000","88502","Acceptable PM2.5 AQI & Speciation Mass","35620","New York-Newark-Jersey City, NY-NJ-PA","36","New York","061","New York","40.73","-73.984"
"10/09/2013","AQS","360610128","3","4.3","ug/m3 LC","18","PS 19","1","100.0000","88502","Acceptable PM2.5 AQI & Speciation Mass","35620","New York-Newark-Jersey City, NY-NJ-PA","36","New York","061","New York","40.73","-73.984"
"10/10/2013","AQS","360610128","3","5.4","ug/m3 LC","23","PS 19","1","100.0000","88502","Acceptable PM2.5 AQI & Speciation Mass","35620","New York-Newark-Jersey City, NY-NJ-PA","36","New York","061","New York","40.73","-73.984"
"10/11/2013","AQS","360610128","3","6.1","ug/m3 LC","25","PS 19","1","100.0000","88502","Acceptable PM2.5 AQI & Speciation Mass","35620","New York-Newark-Jersey City, NY-NJ-PA","36","New York","061","New York","40.73","-73.984"
"10/12/2013","AQS","360610128","3","8.3","ug/m3 LC","35","PS 19","1","100.0000","88502","Acceptable PM2.5 AQI & Speciation Mass","35620","New York-Newark-Jersey City, NY-NJ-PA","36","New York","061","New York","40.73","-73.984"
"10/13/2013","AQS","360610128","3","6.7","ug/m3 LC","28","PS 19","1","100.0000","88502","Acceptable PM2.5 AQI & Speciation Mass","35620","New York-Newark-Jersey City, NY-NJ-PA","36","New York","061","New York","40.73","-73.984"
"10/14/2013","AQS","360610128","3","4.9","ug/m3 LC","20","PS 19","1","100.0000","88502","Acceptable PM2.5 AQI & Speciation Mass","35620","New York-Newark-Jersey City, NY-NJ-PA","36","New York","061","New York","40.73","-73.984"
"10/15/2013","AQS","360610128","3","7.8","ug/m3 LC","33","PS 19","1","100.0000","88502","Acceptable PM2.5 AQI & Speciation Mass","35620","New York-Newark-Jersey City, NY-NJ-PA","36","New York","061","New York","40.73","-73.984"
"10/16/2013","AQS","360610128","3","5.6","ug/m3 LC","23","PS 19","1","100.0000","88502","Acceptable PM2.5 AQI & Speciation Mass","35620","New York-Newark-Jersey City, NY-NJ-PA","36","New York","061","New York","40.73","-73.984"
"10/17/2013","AQS","360610128","3","9.2","ug/m3 LC","38","PS 19","1","100.0000","88502","Acceptable PM2.5 AQI & Speciation Mass","35620","New York-Newark-Jersey City, NY-NJ-PA","36","New York","061","New York","40.73","-73.984"
"10/18/2013","AQS","360610128","3","3.9","ug/m3 LC","16","PS 19","1","100.0000","88502","Acceptable PM2.5 AQI & Speciation Mass","35620","New York-Newark-Jersey City, NY-NJ-PA","36","New York","061","New York","40.73","-73.984"
"10/19/2013","AQS","360610128","3","10.7","ug/m3 LC","45","PS 19","1","100.0000","88502","Acceptable PM2.5 AQI & Speciation Mass","35620","New York-Newark-Jersey City, NY-NJ-PA","36","New York","061","New York","40.73","-73.984"
"10/20/2013","AQS","360610128","3","5","ug/m3 LC","21","PS 19","1","100.0000","88502","Acceptable PM2.5 AQI & Speciation Mass","35620","New York-Newark-Jersey City, NY-NJ-PA","36","New York","061","New York","40.73","-73.984"
"10/21/2013","AQS","360610128","3","8","ug/m3 LC","33","PS 19","1","100.0000","88502","Acceptable PM2.5 AQI & Speciation Mass","35620","New York-Newark-Jersey City, NY-NJ-PA","36","New York","061","New York","40.73","-73.984"
"10/22/2013","AQS","360610128","3","5.5","ug/m3 LC","23","PS 19","1","100.0000","88502","Acceptable PM2.5 AQI & Speciation Mass","35620","New York-Newark-Jersey City, NY-NJ-PA","36","New York","061","New York","40.73","-73.984"
"10/23/2013","AQS","360610128","3","5.6","ug/m3 LC","23","PS 19","1","100.0000","88502","Acceptable PM2.5 AQI & Speciation Mass","35620","New York-Newark-Jersey City, NY-NJ-PA","36","New York","061","New York","40.73","-73.984"
"10/24/2013","AQS","360610128","3","6.8","ug/m3 LC","28","PS 19","1","100.0000","88502","Acceptable PM2.5 AQI & Speciation Mass","35620","New York-Newark-Jersey City, NY-NJ-PA","36","New York","061","New York","40.73","-73.984"
"10/25/2013","AQS","360610128","3","8.8","ug/m3 LC","37","PS 19","1","100.0000","88502","Acceptable PM2.5 AQI & Speciation Mass","35620","New York-Newark-Jersey City, NY-NJ-PA","36","New York","061","New York","40.73","-73.984"
"10/26/2013","AQS","360610128","3","6.7","ug/m3 LC","28","PS 19","1","100.0000","88502","Acceptable PM2.5 AQI & Speciation Mass","35620","New York-Newark-Jersey City, NY-NJ-PA","36","New York","061","New York","40.73","-73.984"
"10/27/2013","AQS","360610128","3","8.4","ug/m3 LC","35","PS 19","1","100.0000","88502","Acceptable PM2.5 AQI & Speciation Mass","35620","New York-Newark-Jersey City, NY-NJ-PA","36","New York","061","New York","40.73","-73.984"
"10/28/2013","AQS","360610128","3","9","ug/m3 LC","38","PS 19","1","100.0000","88502","Acceptable PM2.5 AQI & Speciation Mass","35620","New York-Newark-Jersey City, NY-NJ-PA","36","New York","061","New York","40.73","-73.984"
"10/29/2013","AQS","360610128","3","6.9","ug/m3 LC","29","PS 19","1","100.0000","88502","Acceptable PM2.5 AQI & Speciation Mass","35620","New York-Newark-Jersey City, NY-NJ-PA","36","New York","061","New York","40.73","-73.984"
"10/30/2013","AQS","360610128","3","14.8","ug/m3 LC","57","PS 19","1","100.0000","88502","Acceptable PM2.5 AQI & Speciation Mass","35620","New York-Newark-Jersey City, NY-NJ-PA","36","New York","061","New York","40.73","-73.984"
"10/31/2013","AQS","360610128","3","15.2","ug/m3 LC","58","PS 19","1","100.0000","88502","Acceptable PM2.5 AQI & Speciation Mass","35620","New York-Newark-Jersey City, NY-NJ-PA","36","New York","061","New York","40.73","-73.984"
"11/01/2013","AQS","360610128","3","6.5","ug/m3 LC","27","PS 19","1","100.0000","88502","Acceptable PM2.5 AQI & Speciation Mass","35620","New York-Newark-Jersey City, NY-NJ-PA","36","New York","061","New York","40.73","-73.984"
"11/02/2013","AQS","360610128","3","9.1","ug/m3 LC","38","PS 19","1","100.0000","88502","Acceptable PM2.5 AQI & Speciation Mass","35620","New York-Newark-Jersey City, NY-NJ-PA","36","New York","061","New York","40.73","-73.984"
"11/03/2013","AQS","360610128","3","5.8","ug/m3 LC","24","PS 19","1","100.0000","88502","Acceptable PM2.5 AQI & Speciation Mass","35620","New York-Newark-Jersey City, NY-NJ-PA","36","New York","061","New York","40.73","-73.984"
"11/04/2013","AQS","360610128","3","8.4","ug/m3 LC","35","PS 19","1","100.0000","88502","Acceptable PM2.5 AQI & Speciation Mass","35620","New York-Newark-Jersey City, NY-NJ-PA","36","New York","061","New York","40.73","-73.984"
"11/05/2013","AQS","360610128","3","6.3","ug/m3 LC","26","PS 19","1","100.0000","88502","Acceptable PM2.5 AQI & Speciation Mass","35620","New York-Newark-Jersey City, NY-NJ-PA","36","New York","061","New York","40.73","-73.984"
"11/06/2013","AQS","360610128","3","4.4","ug/m3 LC","18","PS 19","1","100.0000","88502","Acceptable PM2.5 AQI & Speciation Mass","35620","New York-Newark-Jersey City, NY-NJ-PA","36","New York","061","New York","40.73","-73.984"
"11/07/2013","AQS","360610128","3","5.4","ug/m3 LC","23","PS 19","1","100.0000","88502","Acceptable PM2.5 AQI & Speciation Mass","35620","New York-Newark-Jersey City, NY-NJ-PA","36","New York","061","New York","40.73","-73.984"
"11/08/2013","AQS","360610128","3","7.3","ug/m3 LC","30","PS 19","1","100.0000","88502","Acceptable PM2.5 AQI & Speciation Mass","35620","New York-Newark-Jersey City, NY-NJ-PA","36","New York","061","New York","40.73","-73.984"
"11/09/2013","AQS","360610128","3","6.5","ug/m3 LC","27","PS 19","1","100.0000","88502","Acceptable PM2.5 AQI & Speciation Mass","35620","New York-Newark-Jersey City, NY-NJ-PA","36","New York","061","New York","40.73","-73.984"
"11/10/2013","AQS","360610128","3","8.9","ug/m3 LC","37","PS 19","1","100.0000","88502","Acceptable PM2.5 AQI & Speciation Mass","35620","New York-Newark-Jersey City, NY-NJ-PA","36","New York","061","New York","40.73","-73.984"
"11/11/2013","AQS","360610128","3","5.4","ug/m3 LC","23","PS 19","1","100.0000","88502","Acceptable PM2.5 AQI & Speciation Mass","35620","New York-Newark-Jersey City, NY-NJ-PA","36","New York","061","New York","40.73","-73.984"
"11/12/2013","AQS","360610128","3","6.6","ug/m3 LC","28","PS 19","1","100.0000","88502","Acceptable PM2.5 AQI & Speciation Mass","35620","New York-Newark-Jersey City, NY-NJ-PA","36","New York","061","New York","40.73","-73.984"
"11/13/2013","AQS","360610128","3","6.1","ug/m3 LC","25","PS 19","1","100.0000","88502","Acceptable PM2.5 AQI & Speciation Mass","35620","New York-Newark-Jersey City, NY-NJ-PA","36","New York","061","New York","40.73","-73.984"
"11/14/2013","AQS","360610128","3","9.5","ug/m3 LC","40","PS 19","1","100.0000","88502","Acceptable PM2.5 AQI & Speciation Mass","35620","New York-Newark-Jersey City, NY-NJ-PA","36","New York","061","New York","40.73","-73.984"
"11/15/2013","AQS","360610128","3","18.9","ug/m3 LC","65","PS 19","1","100.0000","88502","Acceptable PM2.5 AQI & Speciation Mass","35620","New York-Newark-Jersey City, NY-NJ-PA","36","New York","061","New York","40.73","-73.984"
"11/16/2013","AQS","360610128","3","14.8","ug/m3 LC","57","PS 19","1","100.0000","88502","Acceptable PM2.5 AQI & Speciation Mass","35620","New York-Newark-Jersey City, NY-NJ-PA","36","New York","061","New York","40.73","-73.984"
"11/17/2013","AQS","360610128","3","9.9","ug/m3 LC","41","PS 19","1","100.0000","88502","Acceptable PM2.5 AQI & Speciation Mass","35620","New York-Newark-Jersey City, NY-NJ-PA","36","New York","061","New York","40.73","-73.984"
"11/18/2013","AQS","360610128","3","4.3","ug/m3 LC","18","PS 19","1","100.0000","88502","Acceptable PM2.5 AQI & Speciation Mass","35620","New York-Newark-Jersey City, NY-NJ-PA","36","New York","061","New York","40.73","-73.984"
"11/19/2013","AQS","360610128","3","6.1","ug/m3 LC","25","PS 19","1","100.0000","88502","Acceptable PM2.5 AQI & Speciation Mass","35620","New York-Newark-Jersey City, NY-NJ-PA","36","New York","061","New York","40.73","-73.984"
"11/20/2013","AQS","360610128","3","9.5","ug/m3 LC","40","PS 19","1","100.0000","88502","Acceptable PM2.5 AQI & Speciation Mass","35620","New York-Newark-Jersey City, NY-NJ-PA","36","New York","061","New York","40.73","-73.984"
"11/21/2013","AQS","360610128","3","8.9","ug/m3 LC","37","PS 19","1","100.0000","88502","Acceptable PM2.5 AQI & Speciation Mass","35620","New York-Newark-Jersey City, NY-NJ-PA","36","New York","061","New York","40.73","-73.984"
"11/22/2013","AQS","360610128","3","11.4","ug/m3 LC","48","PS 19","1","100.0000","88502","Acceptable PM2.5 AQI & Speciation Mass","35620","New York-Newark-Jersey City, NY-NJ-PA","36","New York","061","New York","40.73","-73.984"
"11/23/2013","AQS","360610128","3","5.8","ug/m3 LC","24","PS 19","1","100.0000","88502","Acceptable PM2.5 AQI & Speciation Mass","35620","New York-Newark-Jersey City, NY-NJ-PA","36","New York","061","New York","40.73","-73.984"
"11/24/2013","AQS","360610128","3","5.7","ug/m3 LC","24","PS 19","1","100.0000","88502","Acceptable PM2.5 AQI & Speciation Mass","35620","New York-Newark-Jersey City, NY-NJ-PA","36","New York","061","New York","40.73","-73.984"
"11/25/2013","AQS","360610128","3","7.5","ug/m3 LC","31","PS 19","1","100.0000","88502","Acceptable PM2.5 AQI & Speciation Mass","35620","New York-Newark-Jersey City, NY-NJ-PA","36","New York","061","New York","40.73","-73.984"
"11/26/2013","AQS","360610128","3","11.1","ug/m3 LC","46","PS 19","1","100.0000","88502","Acceptable PM2.5 AQI & Speciation Mass","35620","New York-Newark-Jersey City, NY-NJ-PA","36","New York","061","New York","40.73","-73.984"
"11/27/2013","AQS","360610128","3","4.9","ug/m3 LC","20","PS 19","1","100.0000","88502","Acceptable PM2.5 AQI & Speciation Mass","35620","New York-Newark-Jersey City, NY-NJ-PA","36","New York","061","New York","40.73","-73.984"
"11/28/2013","AQS","360610128","3","7","ug/m3 LC","29","PS 19","1","100.0000","88502","Acceptable PM2.5 AQI & Speciation Mass","35620","New York-Newark-Jersey City, NY-NJ-PA","36","New York","061","New York","40.73","-73.984"
"11/29/2013","AQS","360610128","3","9.8","ug/m3 LC","41","PS 19","1","100.0000","88502","Acceptable PM2.5 AQI & Speciation Mass","35620","New York-Newark-Jersey City, NY-NJ-PA","36","New York","061","New York","40.73","-73.984"
"11/30/2013","AQS","360610128","3","7.7","ug/m3 LC","32","PS 19","1","100.0000","88502","Acceptable PM2.5 AQI & Speciation Mass","35620","New York-Newark-Jersey City, NY-NJ-PA","36","New York","061","New York","40.73","-73.984"
"12/01/2013","AQS","360610128","3","13.8","ug/m3 LC","55","PS 19","1","100.0000","88502","Acceptable PM2.5 AQI & Speciation Mass","35620","New York-Newark-Jersey City, NY-NJ-PA","36","New York","061","New York","40.73","-73.984"
"12/02/2013","AQS","360610128","3","26.1","ug/m3 LC","80","PS 19","1","100.0000","88502","Acceptable PM2.5 AQI & Speciation Mass","35620","New York-Newark-Jersey City, NY-NJ-PA","36","New York","061","New York","40.73","-73.984"
"12/03/2013","AQS","360610128","3","25.5","ug/m3 LC","79","PS 19","1","100.0000","88502","Acceptable PM2.5 AQI & Speciation Mass","35620","New York-Newark-Jersey City, NY-NJ-PA","36","New York","061","New York","40.73","-73.984"
"12/04/2013","AQS","360610128","3","29","ug/m3 LC","87","PS 19","1","100.0000","88502","Acceptable PM2.5 AQI & Speciation Mass","35620","New York-Newark-Jersey City, NY-NJ-PA","36","New York","061","New York","40.73","-73.984"
"12/05/2013","AQS","360610128","3","21.8","ug/m3 LC","71","PS 19","1","100.0000","88502","Acceptable PM2.5 AQI & Speciation Mass","35620","New York-Newark-Jersey City, NY-NJ-PA","36","New York","061","New York","40.73","-73.984"
"12/06/2013","AQS","360610128","3","7.8","ug/m3 LC","33","PS 19","1","100.0000","88502","Acceptable PM2.5 AQI & Speciation Mass","35620","New York-Newark-Jersey City, NY-NJ-PA","36","New York","061","New York","40.73","-73.984"
"12/07/2013","AQS","360610128","3","8.4","ug/m3 LC","35","PS 19","1","100.0000","88502","Acceptable PM2.5 AQI & Speciation Mass","35620","New York-Newark-Jersey City, NY-NJ-PA","36","New York","061","New York","40.73","-73.984"
"12/08/2013","AQS","360610128","3","9.5","ug/m3 LC","40","PS 19","1","100.0000","88502","Acceptable PM2.5 AQI & Speciation Mass","35620","New York-Newark-Jersey City, NY-NJ-PA","36","New York","061","New York","40.73","-73.984"
"12/09/2013","AQS","360610128","3","12.9","ug/m3 LC","53","PS 19","1","100.0000","88502","Acceptable PM2.5 AQI & Speciation Mass","35620","New York-Newark-Jersey City, NY-NJ-PA","36","New York","061","New York","40.73","-73.984"
"12/10/2013","AQS","360610128","3","13.3","ug/m3 LC","54","PS 19","1","100.0000","88502","Acceptable PM2.5 AQI & Speciation Mass","35620","New York-Newark-Jersey City, NY-NJ-PA","36","New York","061","New York","40.73","-73.984"
"12/11/2013","AQS","360610128","3","10.8","ug/m3 LC","45","PS 19","1","100.0000","88502","Acceptable PM2.5 AQI & Speciation Mass","35620","New York-Newark-Jersey City, NY-NJ-PA","36","New York","061","New York","40.73","-73.984"
"12/12/2013","AQS","360610128","3","9","ug/m3 LC","38","PS 19","1","100.0000","88502","Acceptable PM2.5 AQI & Speciation Mass","35620","New York-Newark-Jersey City, NY-NJ-PA","36","New York","061","New York","40.73","-73.984"
"12/13/2013","AQS","360610128","3","12.4","ug/m3 LC","52","PS 19","1","100.0000","88502","Acceptable PM2.5 AQI & Speciation Mass","35620","New York-Newark-Jersey City, NY-NJ-PA","36","New York","061","New York","40.73","-73.984"
"12/14/2013","AQS","360610128","3","8.6","ug/m3 LC","36","PS 19","1","100.0000","88502","Acceptable PM2.5 AQI & Speciation Mass","35620","New York-Newark-Jersey City, NY-NJ-PA","36","New York","061","New York","40.73","-73.984"
"12/15/2013","AQS","360610128","3","11.5","ug/m3 LC","48","PS 19","1","100.0000","88502","Acceptable PM2.5 AQI & Speciation Mass","35620","New York-Newark-Jersey City, NY-NJ-PA","36","New York","061","New York","40.73","-73.984"
"12/16/2013","AQS","360610128","3","13.2","ug/m3 LC","53","PS 19","1","100.0000","88502","Acceptable PM2.5 AQI & Speciation Mass","35620","New York-Newark-Jersey City, NY-NJ-PA","36","New York","061","New York","40.73","-73.984"
"12/17/2013","AQS","360610128","3","19.4","ug/m3 LC","66","PS 19","1","100.0000","88502","Acceptable PM2.5 AQI & Speciation Mass","35620","New York-Newark-Jersey City, NY-NJ-PA","36","New York","061","New York","40.73","-73.984"
"12/18/2013","AQS","360610128","3","15.3","ug/m3 LC","58","PS 19","1","100.0000","88502","Acceptable PM2.5 AQI & Speciation Mass","35620","New York-Newark-Jersey City, NY-NJ-PA","36","New York","061","New York","40.73","-73.984"
"12/19/2013","AQS","360610128","3","17.5","ug/m3 LC","62","PS 19","1","100.0000","88502","Acceptable PM2.5 AQI & Speciation Mass","35620","New York-Newark-Jersey City, NY-NJ-PA","36","New York","061","New York","40.73","-73.984"
"12/20/2013","AQS","360610128","3","18.9","ug/m3 LC","65","PS 19","1","100.0000","88502","Acceptable PM2.5 AQI & Speciation Mass","35620","New York-Newark-Jersey City, NY-NJ-PA","36","New York","061","New York","40.73","-73.984"
"12/21/2013","AQS","360610128","3","16.9","ug/m3 LC","61","PS 19","1","100.0000","88502","Acceptable PM2.5 AQI & Speciation Mass","35620","New York-Newark-Jersey City, NY-NJ-PA","36","New York","061","New York","40.73","-73.984"
"12/22/2013","AQS","360610128","3","9","ug/m3 LC","38","PS 19","1","100.0000","88502","Acceptable PM2.5 AQI & Speciation Mass","35620","New York-Newark-Jersey City, NY-NJ-PA","36","New York","061","New York","40.73","-73.984"
"12/23/2013","AQS","360610128","3","8.9","ug/m3 LC","37","PS 19","1","100.0000","88502","Acceptable PM2.5 AQI & Speciation Mass","35620","New York-Newark-Jersey City, NY-NJ-PA","36","New York","061","New York","40.73","-73.984"
"12/24/2013","AQS","360610128","3","8.1","ug/m3 LC","34","PS 19","1","100.0000","88502","Acceptable PM2.5 AQI & Speciation Mass","35620","New York-Newark-Jersey City, NY-NJ-PA","36","New York","061","New York","40.73","-73.984"
"12/25/2013","AQS","360610128","3","7.8","ug/m3 LC","33","PS 19","1","100.0000","88502","Acceptable PM2.5 AQI & Speciation Mass","35620","New York-Newark-Jersey City, NY-NJ-PA","36","New York","061","New York","40.73","-73.984"
"12/26/2013","AQS","360610128","3","12.9","ug/m3 LC","53","PS 19","1","100.0000","88502","Acceptable PM2.5 AQI & Speciation Mass","35620","New York-Newark-Jersey City, NY-NJ-PA","36","New York","061","New York","40.73","-73.984"
"12/27/2013","AQS","360610128","3","13.8","ug/m3 LC","55","PS 19","1","100.0000","88502","Acceptable PM2.5 AQI & Speciation Mass","35620","New York-Newark-Jersey City, NY-NJ-PA","36","New York","061","New York","40.73","-73.984"
"12/28/2013","AQS","360610128","3","13.3","ug/m3 LC","54","PS 19","1","100.0000","88502","Acceptable PM2.5 AQI & Speciation Mass","35620","New York-Newark-Jersey City, NY-NJ-PA","36","New York","061","New York","40.73","-73.984"
"12/29/2013","AQS","360610128","3","14.2","ug/m3 LC","55","PS 19","1","100.0000","88502","Acceptable PM2.5 AQI & Speciation Mass","35620","New York-Newark-Jersey City, NY-NJ-PA","36","New York","061","New York","40.73","-73.984"
"12/30/2013","AQS","360610128","3","10.1","ug/m3 LC","42","PS 19","1","100.0000","88502","Acceptable PM2.5 AQI & Speciation Mass","35620","New York-Newark-Jersey City, NY-NJ-PA","36","New York","061","New York","40.73","-73.984"
"12/31/2013","AQS","360610128","3","11.1","ug/m3 LC","46","PS 19","1","100.0000","88502","Acceptable PM2.5 AQI & Speciation Mass","35620","New York-Newark-Jersey City, NY-NJ-PA","36","New York","061","New York","40.73","-73.984"
